Как скачать все остатки кодов маркировки обуви одним файлом?,"Через UI никак не скачаешь.
Только по API.
Запрос списка КМ происходит в несколько этапов:
1. С помощью метода POST /cises/my формируется заказ на список КМ.
2. Проверка статуса заказа с помощью вызова метода GET /cises/orders/{uuid}/status.
3. Получение результата заказа с помощью вызова метода GET /cises/orders/{uuid}/result.",
Как создать карточку товара в НКТ?,"1. Авторизация в системе ИС МПТ, затем переход в НКТ  
 
2. Переход в раздел «Товары»  
 
3. Создание новой карточки  
   Нажмите на кнопку «Создать карточку товара» или аналогичную («Добавить товар»).

4. Заполнение обязательных полей  
   - Наименование товара
   - Категория (выберите из справочника)
   - Штрихкод (GTIN)
   - Производитель
   - Описание и характеристики (размер, цвет, состав и др.)
   - Изображения товара
   - Дополнительные параметры в зависимости от типа товара (например, алкоголь, обувь и др.)

5. Проверка корректности данных  
   Проверьте все введённые данные на соответствие требованиям и стандартам.

6. Сохранение карточки  
   После заполнения всех обязательных полей нажмите кнопку «Сохранить» или «Отправить на модерацию».

7. Ожидание модерации  
   После отправки карточки на модерацию оператор НКТ проверит корректность данных. В случае необходимости исправлений вернет карточку на доработку.

8. Публикация карточки  
   После успешной модерации карточка необходимо опубликовать карточку товара. Нажать на три точки выбрать ""Опубликовать"" и подписать ЭЦП. Карточка товара будет опубликована и станет доступна для дальнейших действий (например, генерации кодов маркировки).

Обратите внимание:  
- Для некоторых категорий товаров могут требоваться дополнительные поля или документы.  
- Важно соблюдать установленные форматы ввода и требования к изображениям.",
Как заказать коды маркировок?,"1. Зарегистрироваться в системе обязательной маркировки товаров (ИС МПТ) на портале оператора Казахтелеком, в зависимости от категории товара.
2. Получить электронную цифровую подпись (ЭЦП) для юридического лица или индивидуального предпринимателя.
3. В личном кабинете системы маркировки перейти в сервис ""Станция управления заказами"" (СУЗ) зайти в ""Заказы"" и нажать на кнопку ""Новый заказ"".
4. Заполнить все необходимые поля, указав наименование товара, количество необходимых кодов, а также сведения о производителе или импортере.
5. После обработки заявки система сгенерирует уникальные коды маркировки в формате Data Matrix.
6. Скачайте полученные коды и интегрируйте их в процесс нанесения на продукцию (этикетка, упаковка и др.).
7. Подтвердите факт нанесения кодов маркировки и их ввод в оборот через личный кабинет системы.

Важно: Оплата за коды маркировки производится согласно тарифам, установленным оператором системы. После оплаты коды доступны для скачивания.

Если вам требуется интеграция с 1С или другой учетной системой, используйте API, предоставляемый оператором маркировки.",
Какое количество кодов маркировки можно заказать разово?,В одном заказе можно заказать 1 500 000 кодов маркировки. Например можно заказать сразу на 10 GTIN по 150 000 шт.,
Какой вид обуви подлежит маркировке?,"Маркировке подлежит обувь соответствующая кодам ТН ВЭД ЕАЭС 6401, 6402, 6403, 6404, 6405",
Когда введена обязательная маркировка обуви?,Обязательная маркировка обуви в Казахстане введена с 1 ноября 2021 года.,
До какой даты разрешалось продажа немаркированной обуви?,Продажа немаркированных остатков обуви в РК разрешалось до 1 апреля 2023 года (остатки - обувь произведенная в РК или ввезенная в РК до 1 нобяря 2021 года). ,
Каким нормативным правовым актом РК регулируется маркировка обуви в Казахстане?,Порядок маркировки обувных товаров в РК регламентируется Правилами маркировки и прослеживаемости обувных товаров утвержденный приказом МИИР РК от 30 сентября 2021 года №518.,
Сколько стоит код маркировки для маркировки одной пары обуви?,"Стоимость кода маркировки для маркировки одно йпары обуви - 2,68 тенге без НДС.",
Кто должен маркировать обувь?,"Если обувь производится в Казахстане, то её маркирует производитель обуви до выставления на продажу. Если обувь импортируется в Казахстан импортер обязан промаркировать обувь до ввоза в Казахстан или промаркировать в Казахстане до таможенного оформления на таможенных складах, либо допускается маркировка обуви после таможенного оформления на складах импортера в Казахстане если склад импортера включен Приказом Министерства промышленности и строительства в перечень складов, где разрешается проводить маркировку обуви.",
Куда наноситься код маркировки при маркировке обуви?,"Код маркировки можно нанести на саму обувь, коробку от обуви или на товарный ярлык на обуви, выбор места нанесения определяет сам участник оборота обувных товаров.",
Что такое ИС МПТ?,"ИС МПТ — информационная система маркировки и прослеживаемости товаров Единого оператора, которая включает в себя модули: маркировка и прослеживаемость товаров (МПТ), национальный каталог товаров (НКТ), станция управления заказами (СУЗ).",
Как проходит регистрация в информационной системе маркировки и прослеживаемости товаров?,Регистрация с информационной системе маркировки и прослеживаемости товаров Единого оператора осуществляется на сайте https://elk.prod.markirovka.ismet.kz/login-kep с помощью ЭЦП первого руководителя для юридических лиц и ЭЦП физического лица для индивидуальных предпринимателей . ,
Где необходимо зарегистрироваться для маркировки обуви?,Чтобы получить код маркировки предпринимателю необходимо зарегистрироваться в единой информационной системе маркировки и прослеживаемости товаров (ИС МПТ) при помощи своего ЭЦП. Для этого нужно зайти на сайт https://elk.prod.markirovka.ismet.kz/login-kep и создать Личный кабинет. Регистрация пользователя займёт не более 3 минут.,удалить
Какое оборудование понадобится для работы с маркированным товаром?,"Для работы с маркированным товаром Вам понадобится следующее:- электронная подпись ЭЦП. - 2D сканер штрихкода. - контрольно-кассовая техника, если вы розничный продавец.Вам может также понадобиться интеграция с ИС МПТ. Для интеграции между участниками оборота товаров и ИС МПТ необходим открытый протокол API. Описание методов работы находится в «Личном кабинете» участника оборота товаров в разделе «Техническая документация». Воспользуйтесь ссылкой https://markirovka.ismet.kz/ru/business/product/shoes.",
Как начать маркировать товар и получить код маркировки?,"Для того, чтобы начать маркировать товар, участнику рынка обуви необходимо зарегистрироваться в ИС МПТ на сайте https://elk.prod.markirovka.ismet.kz/login-kep. После регистрации пользователя можно начать регистрировать товар. Далее система самостоятельно сгенерирует коды маркировки.Вы также можете апробировать процесс маркировки в тестовой среде. Для этого пройдите по ссылке: https://stage.ismet.kz/login-kep",
Кто может пополнить счёт участника оборота товаров?,"Положить деньги на баланс может сам участник оборота товаров, согласно выставленному Оператором счёту на оплату в ИС МПТ. Это очень простая процедура, достаточно нажать кнопку «Пополнить баланс».",
"При списании КМ, вернутся ли деньги за него на личный счёт?","Нет, не вернутся.",
"Какие существуют ограничения на 1 заказ кода маркировки (API, UI)?",Максимальный размер заявки на предоставление кодов маркировки (КМ) для одной товарной номенклатуры/одного кода товара составляет 150 000 КМ. Максимальное количество товарных номенклатур в заявке на предоставление кодов маркировки — 10. Максимальное количество хранимых заказов в личном кабинете (в станции управления заказами СУЗ) — 100 единиц.,
"Какие ограничения по размеру распространяются на загрузочные файлы форматов xls, xlsx?","1. В НКТ при загрузке карточек товаров файлом Excel - не более 100 GTIN в одном файле. 
2. В ИС МПТ при создании любого уведомления - не более 12 000 кодов в одном файле.",
"Что делать с немаркированной обувью, ввезённой на территорию страны до 1 ноября 2021 года?","Если вы не успели реализовать остатки товаров до 1 ноября 2021 года, то необходимо промаркировать товар по облегчённой процедуре как остатки. Маркировка остатков допускается до 1 апреля 2023 года.",
Какими нормативно-правовыми актами регулируется маркировка и прослеживаемость обувных товаров?,"Маркировка и прослеживаемость обувных товаров регулируется следующими нормативно-правовыми актами: 1. Закон Республики Казахстан от 12 апреля 2004 года «О регулировании торговой деятельности». Почитать можно здесь https://adilet.zan.kz/rus/docs/Z040000544_#z82. 2.Соглашение о маркировке товаров средствами идентификации в Евразийском экономическом союзе от 2 февраля 2018 года. Читать по ссылке https://adilet.zan.kz/rus/docs/Z1900000230. 3. Решение Совета Евразийской экономической комиссии «О введении маркировки обувных товаров средствами идентификации» от 8 августа 2019 года № 72. Подробнее тут https://adilet.zan.kz/rus/docs/H19EV000072. 4. Приказ МИИР РК от 30.09.2021 г. №518 «Об утверждении Правил маркировки и прослеживаемости контрольными (идентификационными) знаками обувных товаров». Читаем далее https://adilet.zan.kz/rus/docs/V2100024624. 5. ППРК от 08.09.2021 г. №620 «Об определении предельного размера стоимости контрольного (идентификационного) знака, средства идентификации, применяемых в маркировке обувных товаров». Информация здесь https://adilet.zan.kz/rus/docs/P2100000620. 6. ППРК от 10.09.2020 г. №568 «Об определении перечня товаров, подлежащих маркировке». Узнать больше https://adilet.zan.kz/rus/docs/P2000000568.",
"Импорт обуви из России. Товар растамаживается не в Казахстане, при этом нет возможности нанести коды маркировки у производителя. Где нам нанести коды?",В этом случае необходимо найти возможность нанести маркировку до пересечения границы. Маркировать обувь можно:- на территории третьих стран (на промежуточных складах). - на таможенном складе в РФ.,
Производство обуви в Казахстане. Что нужно для маркировки товара?,"Отечественному производителю сначала необходимо зарегистрироваться в ассоциации GS1 Казахстан, в том случае, если он не является её членом. Это требуется для получения GTIN или штрих-кода. Затем зарегистрироваться в информационной системе маркировки и прослеживаемости товаров (ИС МПТ) на сайте https://elk.prod.markirovka.ismet.kz/login-kep и заполнить атрибуты товара в Национальном каталоге товаров (НКТ).Далее надо выбрать из своих зарегистрированных карточек товара необходимые модели и соответствующее количество кодов маркировки. Коды маркировки генерируются автоматически в ИС МПТ. После сформированные Data Matrix коды выгружаются в формате PDF или CSV. Выгруженные коды распечатываются на принтере и готовы к нанесению на обувь или на коробку.",
"Импорт из стран, не входящих в ЕАЭС. Производитель готов нанести коды на товар. Что необходимо сделать?","Маркировка обуви в данном случае также нужна. Импортёру необходимо зарегистрироваться в ИС МПТ, получить от своего производителя GTIN (GCP, GLN), завести карточку товара в Национальном каталоге товаров (НКТ), заказать и выгрузить коды маркировки в формате PDF или CSV. Затем отправить, например, по e-mail эти файлы производителю. Он должен нанести коды на товар.В случае, когда известен GTIN или штрих-код, но нет данных о GCP, GLN, то эти данные можно получить по следующей ссылке: https://gepir.gs1.org/index.php/search-by-gtin.",
"Импорт из стран, не входящих в ЕАЭС. Производитель не готов нанести коды на товар. Что необходимо сделать?","В этом случае импортёр должен зарегистрироваться в ИС МПТ на сайте https://elk.prod.markirovka.ismet.kz/login-kep, получить от своего производителя GTIN или штрих-код (GCP, GLN), завести карточку товара в Национальном каталоге товаров (НКТ), заказать и выгрузить коды маркировки. Импортёр обязан нанести их на товар до пересечения границ РК или на таможенных складах РК до окончания таможенных процедур.В случае, когда известен GTIN, но нет данных о GCP, GLN, то эти данные можно получить по следующей ссылке: https://gepir.gs1.org/index.php/search-by-gtin.",
Розничный магазин. Реализация маркированного товара и вывод из оборота. Инструкции.,"Вам необходимо зарегистрироваться в ИС МПТ на сайте https://elk.prod.markirovka.ismet.kz/login-kep , как представителю розничной торговли. Затем в ИС МПТ импортёр/поставщик и представитель розничной торговли во время передачи товара формируют Акт приёма-передачи и подписывают его в системе своими ЭЦП.Чтобы вывести реализованный товар из оборота нужно отсканировать код Data Matrix, нанесённый на упаковку продаваемой продукции, товар или товарный ярлык, техническими устройствами. Например, 2D сканер, сопряжённый с установленной у него контрольно-кассовой машиной, которая зарегистрирована в соответствии с Приказом Министра финансов Республики Казахстан от 16 февраля 2018 года № 208 «О некоторых вопросах применения контрольно-кассовых машин». Либо воспользоваться бесплатным приложением Naqty Sauda Kassa, которое заменяет 2D сканер и ККМ-онлайн.",
Импортёр и розничный продавец в одном лице. Алгоритм действий.,"Зарегистрироваться в ИС МПТ на сайте https://elk.prod.markirovka.ismet.kz/login-kep и получить от производителя обуви GTIN (GCP, GLN). Затем завести карточку товара в Национальном каталоге товаров (НКТ), заказать и выгрузить коды маркировки и нанести их непосредственно у производителя до пересечения границ Казахстана. Это можно сделать также на таможенных складах Казахстана до прохождения таможенной очистки. При реализации товара вывод из оборота происходит после сканирования Data Matrix кода. В случае, когда известен GTIN (штрих-код), но нет данных о GCP, GLN, эти данные можно получить по следующей ссылке: https://gepir.gs1.org/index.php/search-by-gtin.В случае, если производитель обуви не может предоставить GTIN (штрих-код) на товар, импортеру необходимо зарегистрироваться в GS-1 Kazakhstan для получения GTIN.",
Где можно нанести код Data Matrix на территории Казахстана до прохождения процедур таможенной очистки?,"Шесть таможенных складов предоставляют услуги маркировки: 1. п. Байсерке., ул. Султана-Бейбарса 1, ТОО «СВХ «Алатау» (ДАМУ логистик) 2. с. Казцик, улица Бережинский Алексей Фёдорович, 17 Б, «ICEBERG Almaty» 3. г. Алматы, пр. Сүйiнбай, 258 В, ТОО «ALG Company» 4. г. Астана, ул. Пушкина 48, ТОО «Прометей 2003» 5. г. Алматы, Жас канат 595 ТОО, «Norma Logistics» 6. г. Астана, ул.Досмухамедулы 46, TOO «AIE Logistics» Следите за обновлением данной информации. К примеру, обувь, импортируемая из Узбекистана: галоши, тапочки и прочее – маркируется в основном на территории Узбекистана. Таможенная очистка происходит через склад временного хранения (СВХ). Торговые Таможенные склады (ТС) готовы предоставлять площадку импортёрам для нанесения маркировки. Услуги по нанесению маркировки со стороны ТС осуществляются только на ТОО «СВХ Алатау» через отдел манипуляции. На территории остальных ТС импортёры самостоятельно осуществляют маркировку обуви. Для этого надо получить допуск своих представителей и разрешение на маркировку на территории ТС в таможенном органе.",
Может ли сотрудник компании зарегистрироваться и работать в ИС МПТ вместо руководителя?,"Такая возможность предусмотрена. Можно добавить доверенного пользователя в Национальном каталоге товаров. Зарегистрированный доверенный пользователь должен авторизоваться в Национальном каталоге по логину и паролю и производить регистрацию карточек товара, просматривать настройки профиля и прочее.Чтобы добавить доверенного пользователя, первый руководитель должен перейти на сайте https://elk.prod.markirovka.ismet.kz/login-kep во вкладку «Доверенные пользователи», нажать на кнопку «Добавить доверенного пользователя».Кроме того, возможна регистрация доверенных пользователей в ИС МПТ в профиле УОТ.",
"Как маркировать товар, если его не единицы, а тысячи?","В данном случае есть возможность провести интеграцию по API учётных систем участника рынка обуви с Национальным каталогом товаров (НКТ) ИС МПТ или заполнить шаблоны в Excel, а потом импортировать их в Национальный каталог товаров (НКТ). Шаблоны Excel доступны для скачивания в НКТ.",
Будет ли возможность добавления своих атрибутов в определённых полях Национального каталога товаров (НКТ)?,"Да, такая возможность предполагается. Для добавления своих атрибутов необходимо обратиться по номеру горячей линии 8-800-080-65-65 или на электронный адрес: mark@ismet.kz.",
Есть ли возможность интегрировать учётные системы импортера с ИС МПТ?,"Интегрировать учётные системы возможно. Для этого разработано открытое API. Стоит отметить, что интеграция — это необязательный процесс, но используется для удобства пользователей.В апреле 2022 года реализована интеграция с 1С. Для вашего удобства пройдите по ссылке https://www.1c-rating.kz/news/1273760/",
Что такое GPC?,"GPC — это система, которая предоставляет возможность покупателям и продавцам использовать общий деловой язык для одинаковой группировки продуктов во всем мире. GPC классифицирует продукты, группируя их по категориям на основе их основных характеристик, а также описывает их связи с другими продуктами.GPC основан на коде продукта, который называется «Brick» (группа). Каждый продукт имеет свой «Brick» — от автомобиля до пакета молока и состоит из 8 цифр.",
Где находятся данные для поля GPC в Национальном каталоге товаров?,Данные для поля GPC вы найдете на сайте https://markirovka.ismet.kz в разделе «Обувь» и подразделе «Инструкции». Далее посмотрите файл «Обувь по кодам КПВЭД-ТН ВЭД-GPC».,
Что такое GTIN?,"GTIN — это глобальный идентификационный номер. Он присваивается разновидности товара (продукции) национальной организацией GS1 в соответствии с правилами, установленными стандартами системы GS1.",
Для чего нужен GTIN?,Глобальный идентификационный номер нужен для однозначной идентификации товара (продукции) в мировом экономическом пространстве. Используется в качестве кода товара в ИС МПТ. Наносится в виде штрих-кода на каждую единицу товара. Система ИС МПТ считывает GTIN любой страны.,
"Что должен сделать импортёр, если производитель не знает или не имеет GTIN?","Для получения GTIN импортер (при отсутствии GTIN у ввозимого товара) должен вступить в ассоциацию автоматической идентификации «GS1-Kazakhstan» на сайте www.gs1.kz. Вступая в ассоциацию, вы получаете «Личный кабинет» с 99999 штрих-кодами товара GTIN. Далее маркируете товар согласно инструкции, которая есть на сайте www.kazmarka.kz",
Что такое GCP и GLN?,"GCP (Global Company Prefix) —это международный регистрационный номер предприятия в системе GS1.GLN (Global Location Number) — глобальный номер места нахождения или глобальный идентификационный номер. Специальный международный код, который применяется в системах электронного обмена данными и электронной коммерции. С его с помощью можно точно и быстро определить расположение юридических лиц, их функциональных подразделений и физических объектов — складов, магазинов, производственных помещений, транспортных единиц.GCP и GLN необходимо ввести при добавлении субаккаунта в настройках профиля Национального каталога товаров (НКТ).Если Ваш товар содержит штрих-код GTIN, то по нему можно найти GCP и GLN в сервисе GEPIR. Перейдите по ссылке https://gs1.kz/ru/page/gepir",
Каков срок действия кода маркировки после получения и печати?,Код маркировки действует до вывода его из оборота.,
Срок ввода кодов маркировки в оборот?,"Здесь необходимо обратиться к восьмой главе, пункту 34 Приказа «Об утверждении Правил маркировки и прослеживаемости контрольными (идентификационными) знаками обувных товаров»: 1) для производителей обуви в Казахстане срок ввода маркировки до первичной реализации. 2) для импортёров из стран ЕАЭС – до пересечения границы Республики Казахстан. 3) для импортёров из стран, не входящих в состав ЕАЭС – до пересечения таможенной границы ЕАЭС (до растаможивания). 4) для комиссионеров – до реализации. 5) маркировка остатков обуви допускается до 1 апреля 2023 года.",
Нужно ли маркировать ортопедическую обувь?,"Да, если она классифицируется кодами ТН ВЭД ЕАЭС 6401, 6402, 6403, 6404, 6405.",
"Нужно ли маркировать образцы обуви, которые были ввезены в Казахстан на выставку в качестве экспоната (образца)?",Выставочные и экспериментальные образцы не находятся в обороте и не подлежат маркировке.,
Как идентифицировать утраченный/испорченный код маркировки?,"Идентифицировать утраченные или испорченные коды маркировки, те, что не читаются сканером, можно в процессе проведения инвентаризации. Их необходимо списать или вывести из оборота в «Личном кабинете» ИС МПТ. Идентификация кодов маркировки проводится самим участником оборота товаров.",
Когда необходимо предоставить сведения в ИС МПТ о вводе импортного товара в оборот?,"1.	При импорте из стран ЕАЭС - по факту принятия на учёт ввезённого товара. 
2.	При импорте из стран, не входящих в состав ЕАЭС - по факту прохождения таможенной очистки.",
Что делать при недостаче маркированного товара?,При выявлении недостачи маркированного товара необходимо подать сведения о выводе данного товара из оборота в ИС МПТ.,
Как осуществить вывод товара из оборота при онлайн-торговле?,"Если Ваша компания выводит товар из оборота дистанционным способом, осуществляя доставку с привлечением курьерской компании или оператора почтовой связи, а те не готовы включить код маркировки в чек, то необходимо подавать сведения о выводе товара из оборота в ИС МПТ напрямую. Причиной указать «Интернет-торговля», по факту отгрузки товара со склада для доставки конечному потребителю.",
Какие документы первичны при подаче сведений через «Личный кабинет» в ИС МПТ?,"Первичными документами при подаче сведений через личный кабинет в ИС МПТ являются накладные, счета-фактуры и прочие документы в соответствии с требованиями, изложенными в нормативных актах, регламентирующих бухгалтерскую отчетность.",
Что такое КИТУ?,"КИТУ – это код идентификации транспортной упаковки обуви и текстиля. Он может быть сформирован произвольным образом согласно требованиям отправителя и/или получателя отгружаемой продукции и/или в соответствии с международным стандартом 17 ГС1-128 (главный идентификационный ключ – SSCC), и/или иными требованиями.",
Для чего предназначен КИТУ?,"КИТУ, сформированный в виде серийного кода транспортной упаковки SSCC при маркировке обуви и текстиля, предназначен для кодирования и нанесения средств идентификации на транспортную упаковку при выполнении операции агрегирования участником оборота товаров, вступившим в GS1. Номер SSCC является одним из ключевых элементов при построении системы прослеживаемости. Он уникальным образом идентифицирует КАЖДУЮ логистическую единицу и её содержимое. Используя номер SSCC, вы всегда будете знать, в каком месте в цепи поставок находится ваш товар (прослеживаемость).",
Как создать КИТУ?,"SSCC состоит из 18 символов, сформированных по шаблону {00}{0}{000000000}{0000000}{0} в соответствии со структурой данных, предусмотренной GS1:• идентификатор применения 00, указывающий, что за ним следует поле данных с номером SSCC. КИТУ всегда начинается с (00). • цифра расширения — присваивается компанией, создающей номер SSCC, и используется для увеличения ёмкости SSCC (один цифровой символ от 0 до 9): «0» — для коробки, «1» — для палеты. Если коробок больше, то допустимо использовать следующую цифру из диапазона 2 — 9. • префикс компании GS1, содержащий глобальный уникальный номер, присваиваемый члену GS1 (первые 9 цифр из GLN компании). • серийный ссылочный номер (ИСН транспортной упаковки) — «серийная» часть номера, присваиваемая компанией-владельцем префикса каждой логистической единице, и составляемая по произвольному (как правило, последовательному) порядку присвоения (7 цифровых символов). Например: 0000001, следующий будет 0000002 и т. д.. • контрольная цифра – цифра, вычисляемая по специальному алгоритму из предшествующих цифр, которая служит для гарантии целостности данных.Подробная информация доступна на сайте GS1 (https://gs1.kz/ru/page/sscc ). Пример кода SSCC: 00046012345600000016.",
Можно ли передать в одном акте приёма-передачи товары по разным ТГ и без маркировки?,На сегодня такая возможность не предусмотрена.,
Можно ли удалить документ в «Личном кабинете» ИС МПТ?,Нет.,
"Что делать, если оптовый покупатель не зарегистрирован в ИС МПТ?","Попросить контрагента зарегистрироваться в ИС МПТ, ссылаясь на требования Правил, которые вы найдёте по ссылке https://adilet.zan.kz/rus/docs/V2100024624",
Как узнать зарегистрирован ли контрагент в ИС МПТ для отгрузки маркированного товара?,Для этого вам нужно уточнить статус регистрации контрагента в системе мониторинга. Это можно сделать одним из следующих способов:— непосредственно у участника. — при подаче сведений о передаче маркированных товаров в ИС МПТ в ручном режиме. В момент заполнения поля «БИН/ИИН получателя» у зарегистрированного в ИС МПТ участника оборота товаров автоматически заполняется поле «Наименование получателя».,
Обязательно ли использовать товароучётную систему для работы в ИС МПТ?,"Работа с товароучётной системой не регламентируется Оператором системы маркировки и прослеживаемости. В этом случае решение о необходимости использования товароучётного программного обеспечения вам придётся принимать самостоятельно. Вы должны знать, что участник товарооборота может провести интеграцию товароучётной программы с «Личным кабинетом» ИС МПТ самостоятельно или с помощью интегратора.",
вопросы по НПА,,
Что такое маркировка?,Процесс маркировки предполагает заказ кодов маркировки (Data Matrix) производителями или импортерами и их нанесение на упаковки лекарственных средств. ,
Что такое прослеживаемость?,Процесс прослеживаемости предполагает передачу маркированных лекарственных средств между участниками оборота лекарственных средств в подсистеме Центр электронного документооборота маркированных товаров (ЦЭДМ).,
"Каким приказом, нормативным документом, правилом регулируется маркировки лекарственных средств?",Маркировки лекарственных средств регулируется Приказом МЗ РК от 27 января 2021 года № ҚР ДСМ-11. Маркировка лекарств кодом DataMatrix отражена в разделах приказа по маркировке средствами идентификации,
Каким вышестоящим нормативным-правовым актам соотвествуют Правила маркировки?,"Правила маркировки разработаы в соответствии с пунктом 4 статьи 242 Кодекса Республики Казахстан ""О здоровье народа и системе здравоохранения"" (далее – Кодекс) и подпунктом 2 статьи 7-2 Закона Республики Казахстан ""О регулировании торговой деятельности""",
Кто наносит маркировку на уаковки лекарственных средств?,"Маркировку на упаковки лекарственных средств наносят отечественные и иностранные производители, импортеры.",
Кто является участником оборота лекарственных средств?,"Участниками оборота лекарственных средств являются отечественные производители, субъекты в сфере обращения лекарств, представительства и (или) филиалы иностранных производителей лекарственных средств, доверенные физические и юридические лица иностранных производителей, держатели регистрационных удостоверений и иностранные производители лекарственных средств, а также дочерние организации иностранных производителей лекарственных средств.",
Код маркировки наносится на всю серию/партию лекарства или на каждую упаковку?,Маркировка кодом DataMatrix является индивидуальной для каждой упаковки лекарственного средства и не повторяется на других упаковках.,
Где и когда наносится маркировка на упаковки лекарств?,"Маркировка наносится:
1 при производите лекарств на территории Казахстана - на производстве до отправки покупателю;
2 при ввозе лекарств в Казахстан из государств, не являющихся членами ЕАЭС:
а) на территории третьих стран, до ввоза на территорию РК;
б) на таможенных складах, являющихся аптечными (дистрибьюторскими) складами, до помещения под таможенные процедуры выпуска для внутреннего потребления или реимпорта;
в) на аптечных (дистрибьюторских) складах, после помещения их под таможенные процедуры выпуска для внутреннего потребления или реимпорта;
3 при ввозе лекарств в Казахстан с территории государств-членов ЕАЭС:
а) за пределами государственной границы Республики Казахстан;
б) на таможенных складах, являющихся аптечными (дистрибьюторскими) складами, до помещения под таможенные процедуры выпуска для внутреннего потребления или реимпорта,;
в) на аптечных (дистрибьюторских) складах, после помещения их под таможенные процедуры выпуска для внутреннего потребления или реимпорта.",
Какие лекарственные средства подлежат маркировке в Республике Казахстан?,"С 1 июля 2024 года маркировке подлежат все лекарственные средства, обращающиеся на территории Республики Казахстан.",
Какое НПА утверждает перечень лекарств подлежащих маркировке?,"Перечень лекарственных средств подлежащих маркировке утвержден Приказом и.о. Министра торговли и интеграции Республики Казахстан от 27 сентября 2024 года № 343-НҚ ""Об определении перечня товаров, подлежащих маркировке""",
"Есть ли лекарства, которые не подлежат маркировке?","Исключения отражено в статье 7 Приказа Министра здравоохранения Республики Казахстан от 27 января 2021 года № ҚР ДСМ-11 ""Об утверждении правил маркировки и прослеживаемости лекарственных средств и маркировки медицинских изделий""",
Маркировке подлежат все лекарства?,"Маркироваться должны все лекарства, находящиеся в обороте на территории Казахстана. 
Исключения составляют:
      1) лекарственные средства, предназначенные для лечения пассажиров и членов экипажей транспортных средств, поездных бригад и водителей транспортных средств, прибывших на таможенную территорию Евразийского экономического союза;
      2) лекарственные средства необходимые для лечения участников международных культурных, спортивных мероприятий и участников международных экспедиций;
      3) лекарственные средства, изготовленные в аптеках;
      4) фармацевтические субстанции (активные фармацевтические субстанции), произведенные в условиях надлежащей производственной практики;
      5) фармакопейное лекарственное растительное сырье, в том числе в составе сборов и потребительской упаковке;
      6) лекарственные средства, производимые в Республике Казахстан только для экспорта;
      7) выставочные образцы лекарственных средств и медицинских изделий необходимые для проведения выставок без права их дальнейшей реализации;
      8) образцы лекарственных средств, поступающие для проведения доклинических (неклинических) и клинических исследований и (или) испытаний;
      9) радиофармацевтические лекарственные препараты, изготовленные непосредственно в организациях здравоохранения на месте их применения;
      10) образцы лекарственных средств необходимые для проведения экспертизы при государственной регистрации;
      11) лекарственные средства передовой терапии, произведенные для индивидуального применения с использованием аутологичных биологических материалов пациента или его донора, подобранного непосредственно для него;
      12) лекарственные средства, произведенные и (или) ввезенные до введения маркировки и прослеживаемости лекарственных средств, которые хранятся и реализуются до истечения срока годности;
      13) случаи, предусмотренные статьей 8 Соглашения о маркировке товаров средствами идентификации в Евразийском экономическом союзе, ратифицированный Законом Республики Казахстан ""О ратификации Соглашения о маркировке товаров средствами идентификации в Евразийском экономическом союзе"".",
Требуется ли внесение изменений и дополнений в регистрационное удостоверение для нанесения кода маркировки на упаковку лекарственного средства?,"Да, место нанесения кода маркировки на упаковку должно быть зарегистрировано в регистрационном удостоверении лекарственного средства",
Куда именно наносится код маркировки?,"Код маркировки наносится на вторичную упаковку, а при ее отсутсвии на первичную упаковку лекарственного средства.
Место размещения определяется производителем или импортером самостоятельно.",
Как формируется код маркировки?,"Код маркировки формируется производителем или импортером в Информационной системе ""Маркировки и прослеживаеомсти товаров"" (ИС МПТ) в электронном виде. Лекарственное средство должно быть зарегистрировано в Национальном каталоге товаров ИС МПТ.",
Кто должен регистрироваться в Информационной системе маркировки и прослеживаемости товраов (ИС МПТ)?,В Информационной системе маркировки и прослеживаемости товраов (ИС МПТ) регистрируются только производители и импортеры,
Как осуществляет регистрация в Информационной системе маркировки и прослеживаемости товраов (ИС МПТ)?,"Для регистрации в Информационной системе маркировки и прослеживаемости товраов (ИС МПТ) необходимо пройти по ссылке https://elk.prod.markirovka.ismet.kz/login-kep, заполнить данные и подписать два типовых договора публичной оферты с помощью ЭЦП первого руководителя юридического лица",
Как в Информационной системе маркировки и прослеживаемости товраов (ИС МПТ) регистрируются юридические лица-нерезиденты Казахстана?,"Для регистрации в Информационной системе маркировки и прослеживаемости товраов (ИС МПТ) юридическому лицу-нерезиденту Казахстана необходимо осуществить 3 шага:
1 получить ИИН первого руководителя (как физического лица)
2 получить БИН юридического лица
3 получить ЭЦП первого руководителя юридического лица",
Как лекарственное средств регистрируется в Национальном каталоге товаров (НКТ)?,"Для регистрации лекарственного средства в Национальном каталоге товаров (НКТ) Информационной системы ""Маркировки и прослеживаеомсти товаров"" необходимо заполнить карточку товара согласно инструкции размещенной на сайте https://markirovka.ismet.kz/ru/business/product/medicine. Далее карточка товара проходит модерацию, в ходе которой могут быть даны замечания для исправления. После успешной модерации карточка товара подписывается заявителем.",
В каких случая может быть отказано в регистрации карточки товара в Национальном каталоге (НКТ) Информационной системы маркировки и прослеживаеомсти товаров (ИС МПТ)?,"Участнику оборота лекарственных средсвт (УОЛС), регистрирующему карточку товара в Национальном каталоге товаров (НКТ) Информационной системы маркировки и прослеживаемости товраов (ИС МПТ) автоматически отказывается в регистрации лекарственных средств в следующих случаях:

      1) лекарственное средство с заявленным при регистрации кодом товара GTIN уже зарегистрировано в ИС МПТ;

      2) код товара GTIN по данным информационной системы ассоциации GS Kazakhstan не подлежит использованию УОЛС;

      3) код товара GTIN по данным информационной системы международной организации GS1 не существует.",
Сколько занимает модерация карточки товара в Национальном каталоге (НКТ) Информационной системы маркировки и прослеживаеомсти товаров (ИС МПТ),Модерация карточки товара осуществляется в течении 3 рабочих дней,
Из чего состоит код маркировки?,"Код маркировки состоит из 4-х групп данных:
1-я группа - GTIN
1-я группа - индивидуальный серийный номер потребительской упаковки лекарственных средств
3-я группа -  идентификатор (индивидуальный порядковый номер) ключа проверки
4-я группа - код проверки",
Каков порядок эмиссии кодов маркировки?,"Для заказа кодов маркировки производителю или импортеру необходимо:
1 зарегистрироваться в Информационной системе ""Маркировки и прослеживаемости товаров"";
2 пополнить лицевойсчет;
3 сделать запрос на эмиссию кодов",
Как осуществляется заказ кодов маркировки в Информационной системы маркировки и прослеживаеомсти товаров (ИС МПТ)?,Участник оборота лекарственных средсвт (УОЛС) необходимо заполнить Запрос на получение кодов маркировки в Информационной системе маркировки и прослеживаемости товраов (ИС МПТ),
Может ли быть отказано в выдаче кодов?,"В выдаче кодов маркировки автоматически отказывается в следующих случаях:
      1) УОЛС не зарегистрирован в ИС МПТ;
      2) представленный код идентификации товара ранее зарегистрирован в ИС МПТ;
      3) код товара GTIN (ГТИН) не зарегистрирован в реестре товаров ИС МПТ и (или) не подлежит использованию УОЛС;
      4) код товара GTIN (ГТИН) не соответствует товарной группе ""Лекарственные средства"".",
Сколько формируются коды маркировки?,"Коды маркировки формируются в Информационной системе ""Маркировки и прослеживаемости товаров"" в течение 1 рабочего дня. Коды предоставляются в электронном формате",
Каковы следующие действия после эмиссии кодов?,"После эмиссии кодов маркировки производитель или импортер наносят коды на упаковки лекарственных средств, формируют отчет о нанесении, отчет об агрегации в модуле Станция управления заказами (СУЗ) Информационной системы ""Маркировки и прослеживаемости товаров"" (ИС МПТ)",
Какие данные заполняются при формировании отчета о нанесении?,"При формировании отчета о нанесении заполняются данные о дате нанесения кодов маркировки, а также номере серии/партии и сроке годности лекарственного средства",
Когда списываются денежные средства за коды маркировки?,Денежные средства за коды маркировки списываются в момент формирования отчета о нанесении,
Есть ли срок годности кодов маркировки?,Коды маркировки являются бессрочными.,
Можно ли использовать не оплаченные коды маркировки?,"Без наличия денежных средств на лицевом счету возможно сформировать отчет о нанесении. Однако далее никаких действий с кодами, за которые не была списана плата, осуществить не возможно.
Дальнейшая работа с такими кодами маркировки возможна только после списания денежных средств за них.",
Какова стоимость кода маркировки?,"Согласно Приказа МЗ РК от 18 июля 2023 года №134 ""Об определении предельного размера стоимости контрольного (идентификационного)
знака, средства идентификации, применяемых в маркировке лекарственных средств"" стоимость кода маркировки составляет 2,40 тенге без учета НДС",
Как произвести оплату за коды маркировки?,"Для пополнения лицевого счета необходимо:
1 сформировать счет на оплату на платформе ISMET
2 осуществить банковский перевод денежных средств (тенге, доллары США, евро, рубли)",
В каких валютах возможно пополнить оплатить коды маркировки?,"Оплата за коды маркировки возможна в тенге, долларах США, евро, рублях",
Как получить закрывающие бухгалтерские документы по оплаченным кодам маркировки?,"По окончании каждого Расчётного периода, а именно не позднее 15 (пятнадцатого) числа месяца, следующего за Расчетным периодом, Единый оператор передает Клиенту акт выполненных работ/оказанных услуг на подписание посредством открытой цифровой платформы www.ismet.kz и не позднее 15 (пятнадцатого) числа месяца, следующего за Расчетным периодом, посредством веб-портала электронных счетов-фактур www.esf.gov.kz направляет счет-фактуру. По запросу Клиента, но не чаще, чем 1 раз в квартал, Единым оператором предоставляется акт сверки. Акты выполненных работ/оказанных услуг и акты сверки формируются и передаются Стороне в электронном виде посредством электронного документооборота на открытой цифровой платформе www.ismet.kz Оператора и подписываются Сторонами с помощью ЭЦП.",
Возможно ли внесение изменений и дополнений в типовые договора оферты?,"АО ""Казахтелеком"" определено Единым оператором маркировки и прослеживаемости товаров в соответствии с Постановлением Правительства Республики Казахстан от 3 марта 2020 года № 95. 
В соответствии с условиями Типового договора на подключение к информационной системе и Типового договора предоставления доступа к слугам Единого оператора маркировки и прослеживаемости товаров, утвержденных Приказом АО ""Казахтелеком"" (далее – Договоры), настоящие Договоры являются договорами присоединения в соответствии с законодательством Республики Казахстан. Условия указанных Договоров принимаются Клиентом не иначе, как путем присоединения к настоящему Договору в целом, в виде подписания заявления о присоединении (Приложение №1 к Договору). Тексты Договоров являются публичной офертой.
Согласно статье 389 Гражданского Кодекса Республики Казахстан, договором присоединения признается договор, условия которого определены одной из сторон в формулярах или иных стандартных формах и могут быть приняты другой стороной не иначе как путем присоединения к предложенному договору в целом.
Таким образом, при подписании заявления о присоединении к Договору, клиент подтверждает, что полностью и безусловно присоединяется к Договору. Подписание дополнительных соглашений к Договору на основании каких-либо внутренних правил клиентов либо изменение или дополнение Договора не предусмотрено.",
Возможно ли подписание типовых договоров оферты на бумаге?,На бумаге возможно подписание типового договора на доступ к услугам Единого оператора (закуп кодов) для юридических лиц-нерезидентов Республики Казахстан,
Возможен ли отказ в формировании отчета о нанесении?,"В регистрации сведений о нанесении средств идентификации автоматически отказывается в следующих случаях:
      1) коды идентификации товаров, отсутствуют в реестре средств идентификации ИС МПТ;
      2) сведения о кодах идентификации представлены с нарушением;
      3) отсутствует подтверждение оплаты кодов маркировки.",
Возможен ли повтор кодов маркировки?,"Информационная система ""Маркировки и прослеживаемости товаров"" повторно не формирует (генерирует) код маркировки.",
Кем наносятся коды маркировки?,"при производстве на территории Республики Казахстан - отечественными производителями лекарственных средств;
при производстве за за пределами Республики Казахстан (иностранное производство):
      1) держателями регистрационных удостоверений лекарственных средств или иностранными производителями лекарственных средств или их уполномоченными представительствами и (или) филиалами или дочерними организациями на территории Республики Казахстан;
      2) импортерами, осуществляющими ввоз лекарственных средств на территорию Республики Казахстан.",
Есть ли какие-либо требования к качеству кода маркировки?,"Код маркировки наносится в виде двумерного матричного штрих кода в формате Data Matrix (Дата Матрикс), представляющий собой черно-белые элементы или элементы нескольких различных степеней яркости, наносимые в форме квадрата, размещенные в прямоугольной или квадратной группе, предназначенные для кодирования текста или данных других типов, пригодного для машинного считывания, с обязательным указанием в виде читаемого печатного текста сведений о коде товара GTIN и уникальном серийном номере данного лекарственного средства, содержащихся в средстве идентификации.
      Перед информацией в виде читаемого текста о коде товара GTIN и уникальном серийном номере лекарственного средства на добровольной основе указываются коды применения, представляющие собой набор из 2 (двух) или более знаков, расположенные в начале элементной строки и однозначно определяющие назначение, и формат поля данных, для использования введения ручного ввода кода идентификации товара УОЛС.
Техническими условиями к качеству нанесения кода маркировки на упаковку лекарственных средств являются:
      1) нанесение печатью с использованием метода коррекции ошибок ЕСС-200 (ЕЦЦ-200);
      2) использование ASCII (АСЦII) кодирования;
      3) качество печати соответствует классу С или выше.",
Какие технические требования предъявляются коду маркировки?,"Техническими условиями к качеству нанесения средств идентификации на упаковку лекарственных средств являются:
      1) нанесение печатью с использованием метода коррекции ошибок ЕСС-200 (ЕЦЦ-200);
      2) использование ASCII (АСЦII) кодирования;
      3) качество печати соответствует классу С или выше.",
Как наносится код маркировки на упаковку лекарственного средства?,"Код маркировки наносится прямым способом (печатается) либо методом стикетирования (код маркировки распечатывается на стикерах (наклейках), стикер наклеивается  на упаковку лекарственного средства). Стикер должен отвечать требованиям разрушаемости при отделении от упаковки лекарственного средства.
Также, код маркировки или стикер, содержащий код маркировки, не должны размещаться на оберточную пленку или другой внешний оберточный материал.",
Что такое агрегация?,"Агрегация - это объединение потребительских упаковок лекарственных средств в транспортную упаковку.
При этом агрегационный код содержит информацию о всех вложенных в него упаковках лекарственных средств.",
Что такое агргационный код?,"Код идентификации транспортной упаковки в виде линейного штрихового кода, соответствующего стандарту международной организации в области стандартизации учета и штрихового кодирования логистических единиц ГС1-128, с уникальным идентификатором транспортной упаковки в виде серийного кода, представленный в виде цифрового номера SSCC код и идентифицируется кодом применения AI=’00’.",
Используется ли код маркировки для транспортных упаковок?,"Нет, код маркировки используется только для упаоковк (первичных, промежуточных, вторичных) лекарственных средств. 
Для маркировки транспортных коробов используется агрегационный код.",
Как формируется агрегационный код?,"Агрегационный код не формируется в Информационной системе ""Маркировки и прослеживаемости товаров"" (ИС МПТ). Агрегацонный код формируется на сторонних сервисах и используются в ИС МПТ при формированнии агрегатов и отчетов по ним.",
Какие виды агргирования бывают?,"Агрегирование осуществляется при наличии нескольких уровней вложенности:
      1) агрегирование первого уровня – объединение первичных и (или) вторичных упаковок в транспортную упаковку;
      2) агрегирование второго уровня – объединение транспортных упаковок в другую транспортную упаковку вышестоящего уровня вложенности.",
Создание агрегатавозможно только для одного вида лекарственного средства (одного GTIN)?,"Возможна агрегация как одного вида лекарственного средства в один транспортный короб, так и агрегация двух и более видов лекарственных средств в один транспорный короб.",
Содержит ли агрегационный код информацию о вложенных в него кодах маркировки упаковок лекарственных средств либо коробов нижестоящего уровня?,Агрегационный код содержит в себе информацию о вложенных в него кодах маркировки упаковок лекарственных средств либо коробов нижестоящего уровня,
"Возможно ли довложение или изъятие кодов маркировки упаковок лекарственных средств в агрегационные коды транспортных коробов, агрегационных кодов в транспортные короба вышестоящего уровня (паллеты)?","Возможно, функционал подсистемы Центр электронного документооборта маркированных товаров (ЦЭДМ) позволяет осуществлять довложение и изъятие кодов маркировки упаковк лекарственных средств в агрегате, а также агрегационных кодов транспортных коробов в агрегаты вышастоящего уровня (паллеты).",
В каких случаях происходит дезагрегирование транспортного короба? ,Дезагрегирование транспортного короба происходит при изъятии последней упаковки лекарственного средства,
Как осуществляется прослеживаемость маркированных лекарственных средств?,"Прослеживаемость лекарственных средств, маркированных средствами идентификации, обеспечивается путем представления участниками оборота лекарственных средств (УОЛС) сведений о вводе в оборот, о реализации и (или) передачи, а также о выводе из оборота промаркированных лекарственных средств на территории Республики Казахстан",
В какой системе осуществляется прослеживаемость маркированных лекарственных средств?,Прослеживаемость осуществляется  в подсистеме Центр электронного документооборота маркированных товаров (ЦЭДМ),
Для чего предназначена подсистема Центр электронного документооборота маркированных товаров (ЦЭДМ),"подсистема Центр электронного документооборота маркированных товаров (ЦЭДМ) (https://edo.markirovka.kz), предназначена для работы всех участников оборота лекарственных средств по принятию и формированию электронных документов прослеживаемости маркированных лекарственных средств.",
Что является вводом в оборот?,"Вводом в оборот является:
1) при производстве лекарственных средств на территории Республики Казахстан - первичная передача лекарственных средств от производителя другому участнику оборота лекарственных средств (УОЛС) с целью отчуждения такому лицу с формированием  в подсистеме Центр электронного документооборота маркированных товаров (ЦЭДМ) акта приема-передачи;
2) при ввозе лекарственных средств с территории государств, не являющихся государствами - членами Евразийского экономического союза - выпуск таможенными органами Республики Казахстан лекарственных средств для внутреннего потребления по результатам направления в подсистеме Центр электронного документооборота маркированных товаров (ЦЭДМ) уведомления о ввозе товаров в Республику Казахстан с территорий государств, не являющихся членами Евразийского экономического союза;
3) при ввозе лекарственных средств с территории государств членов Евразийского экономического союза - принятие на склад импортера в Республике Казахстан ввезенных лекарственных средств по результатам направления  в подсистеме Центр электронного документооборота маркированных товаров (ЦЭДМ) сведений о подтверждении кодов идентификации, заявленных импортером в уведомлении о ввозе товаров в Республику Казахстан с территорий государств-членов Евразийского экономического союза.",
Как офрмляется передача маркированных лекарственных средств между участников оборота лекарственных средств?,"При реализации и (или) передаче маркированных лекарственных средств другому УОЛС отправитель лекарственных средств формирует акт приема (передачи) товаров, подписывает его ЭЦП в срок не позднее дня реализации лекарственных средств.

При реализации и (или) передаче маркированных лекарственных средств, Единым дистрибьютором в рамках ГОБМП и (или) в системе ОСМС акт приема (передачи) лекарственных средств формируется и подписывается уполномоченными представителями логистических компаний, оказывающих Единому дистрибьютору услуги по хранению и транспортировке лекарственных средств по договору гражданско-правового характера, на основании доверенности, выданной Единым дистрибьютором, сведения о которой содержатся в подсистеме Центр электронного документооборота маркированных товаров (ЦЭДМ).",
что такое территориально-распределенное подразделение (ТРП)?,"территориально-распределенным подразделением является структурное подразделение, филиал юридического лица, которое осуществяляет свою деятельность под БИН этого юридического лица. Филиалы имеющие другой БИН не являются ТРП и работают в системе маркировки самостоятельно.",
Как работать при наличии филиалов у юридического лица?,Необходимо создать территориально-распределенное подразделение (ТРП) и передавать маркированные лекарственные средства актом внутреннего перемещения,
Возможна ли передача маркированных лекарственных средств между филиалами одного юридического лица?,Возможна. Для этого необходимо создать территориально-распределенное подразделение (ТРП) и передавать маркированные лекарственные средства актами внутреннего перемещения.,
В каких случая формируется акт приема-передачи Единого дистрибьютора (АПП ЕД)?,"Акт приема-передачи Единого дистрибьютора (АПП ЕД) формируется на маркированные лекарственные средства, поставляемые по договорам Единого дистрибьюттора в рамках ГОБМП и ОСМС.",
Кто формирует акты приема-передачи Единого дистрибьютора (АПП ЕД)?,"
Акты приема-передачи Единого дистрибьютора (АПП ЕД) формируют:
1 отечественные производители и импортеры, осуществляющие поставки маркированных лекарственных средств по договорам Единого дистрибьютора;
2 оптовые склады, оказывающие Единому дистрибьютору услуги по хранению и транспортировке лекарственных средств на основании доверенности, выданной Единым дистрибьютором, сведения о которой содержатся в подсистеме Центр электронного документооборота маркированных товаров (ЦЭДМ);
3 медицинские организации, работающие в рамках ГОБМП и ОСМС.",
"Возможна ли передача маркированных лекарственных средств, поставляемых по договорам Единого дистрибьютора, обычным актом приема-передачи?","Нет, все лекарства передаваемые и получаемые участниками оборота ЛС в рамках договоров Единого дистрибьютора, передаются только актами приема-передачи Единого дистрибьютора.",
Как в системе маркировки различаются лекарственные средства Единого дистрибьютора и коммерческие лекарства?,"Коды маркировки лекарственных средств, поставляемых по договорам Единого дистрибьютора, в системе маркировки имеют метку skf",
Возможно ли в акт приема-передачи Единого дистрибьютора вложить лекарственные средства без метки skf?,"Отчетественные производители и импортеры, осуществляющие поставку лекарств по договорам Единого дистрибьютора, первоначально формируют акт приема-передачи Единого дистрибьютора (АПП ЕД) и вкладывают коды маркировки без метки  ",
"Возможно ли в акт приема-передачи вложить лекарственные средства, коды которых имеют метку skf?",В Акт приема-передачи нельзя вложить коды маркировки с меткой skf. Необходимо сформировать Акт Единого дистрибьютора. ,
Возможно ли вложить в один акт маркированные лекарственные средства с меткой skf и коммерческие лекарственные средства?,В один акт приема-передачи невозможно вложить коды маркировок с меткой skf и без метки skf. Необходимо формировать два акт: 1. Для кодов с меткой skf необходимо сформировать акт единого дистрибьютера. 2. Для кодов маркировок без метки skf необходимо сформировать акт приема-передачи. ,
Передается ли в систему Электронных счет-фактур инофрмация с системы маркировки?,"В систему Электронных счет-фактур передается информация об актах приема-передачи, в т.ч. количеству вложенных в акт лекарств. ",
Как осуществляется прием маркированных лекарственных средств?,Прием маркированных лекарственных средств подтверждается получателем с помощью ЭЦП.,
В течение какого срока необходимо принять маркированные лкарственные средства?,Согласно пункта 73 Правил маркировки (Приказ МЗ РК №КР ДСМ-11) прием маркированных лекарственных средств осуществляется в течение 1 (одного) рабочего дня с даты приемки до совершения дальнейших операций.,
"Что делать если данные в акте приема-передачи отличаются от данных по фактически поступивших лекарствах (например, отличается количество или наименования лекарств).","Такой акт может быть отклонен полностью. 
Также можно сформировать уведомление о расхождении, которое поступит отправителю лекарственных средств. Отправитель будет иметь возможность сформироать на основе такого уведомления о расхождении новый правильный акт приема-передачи.  В этом случае ранее направленные акт приема-передачи автоматически отзывается.",
Имеет ли возможность поставщик отозвать акт приема-передачи?,Поставщик может отозвать акт приема-передачи в течение 20 дней в том случае если этот акт не принял (не подписал) получатель.,
Нужно ли формировать акт приема-передач на бумажном носителе?,"Акты приема-передач на бумажном носителе формируется в следующих случаях:
 1) по причине технического сбоя в ИС МПТ, подтвержденным Единым оператором маркировки и прослеживаемости товаров на своем интернет-ресурсе;
 2) по обстоятельствам непреодолимой силы;
 3) по причине отсутствия либо приостановления подачи электрической энергии, подтвержденной энергопроизводящей, энергоснабжающей либо энергопередающей организации, технического сбоя, вызванного аварийным нарушением.

После устранения технических ошибок акт приема (передачи) лекарственных средств, оформленный ранее на бумажном носителе, вносится субъектом в сфере обращения лекарственных средств и медицинских изделий в ИС МПТ не позднее 1 (одного) рабочего дня с даты опубликования Оператором на собственном интернет-ресурсе информации об устранении технических ошибок в ИС МПТ. Оператор публикует информацию на собственном интернет-ресурсе об устранении технических ошибок в ИС МПТ в течение суток с момента их устранения.",
Как осуществляется вывод из оборота в аптечной организации?,"Субъект в сфере обращения лекарственных средств и медицинских изделий, реализующий лекарственные средства в розницу за наличный, безналичный расчет и (или) без оплаты получателем, осуществляет вывод их из оборота путем сканирования и распознавания средства идентификации, нанесенного на потребительскую упаковку лекарственного средства, техническими средствами, сопряженными с установленной у него контрольно-кассовой машиной.
Сведения о коде идентификации, содержащиеся в средстве идентификации, нанесенном на товар, включаются в фискальный документ ""кассовый чек"", формируемый контрольно-кассовой машиной, и передаются Оператору фискальных данных.

Оператор фискальных данных осуществляет передачу сведений в режиме реального времени в ИС МПТ по каждой реализованной товарной единице.
Вывод из оборота лекарственных средств в ИС МПТ осуществляется при розничной реализации на основании сведений, полученных от Оператора фискальных данных.",
В какие сроки формируетя уведомление о выводе из оборота?,"Субъект в сфере обращения лекарственных средств и медицинских изделий не позднее 3 (трех) рабочих дней, следующих за днем вывода лекарственных средств из оборота, представляет в ИС МПТ уведомление о выводе из оборота при выводе лекарственных средств из оборота по причинам:
      1) брака;
      2) утраты;
      3) повреждения;
      4) уничтожения;
      5) использования для собственных нужд предприятия;
      6) отбора образцов;
      7) для медицинского назначения;
      8) отпуска, по бесплатному рецепту;
      9) конфискации.",
Каковы причины вывода маркированных лекарственных средств из оборота?,"Уведомление о выводе из оборота формируется по следующим причинам:
      1) брак;
      2) утрата;
      3) повреждение;
      4) уничтожение;
      5) использование для собственных нужд предприятия;
      6) отбор образцов;
      7) для медицинского назначения;
      8) отпуск, по бесплатному рецепту;
      9) конфискация.",
Как можно отменить вывод из оборота маркированного лекарственного средства?,"Для повторного ввода в оборот лекарственных средств, ранее выведенных из оборота, за исключением использованных лекарственных средств для оказания медицинской помощи, а также отпуске лекарственных средств по рецептам выдаваемых в рамках ГОБМП и (или) системе ОСМС, участник оброта лекарственных средств направляет уведомление о повторном вводе в оборот.",
Как можно вернуть в оборот выведенное из оборота маркированное лекарственное среоство?,"Для повторного ввода в оборот лекарственных средств, ранее выведенных из оборота, за исключением использованных лекарственных средств для оказания медицинской помощи, а также отпуске лекарственных средств по рецептам выдаваемых в рамках ГОБМП и (или) системе ОСМС, участник оброта лекарственных средств направляет уведомление о повторном вводе в оборот.",
В какой срок может быть сформировано уведомление о повторном вводе в оборот?,Уведмление о повторном вводе в оборот формируется в срок не более 3 (трех) рабочих дней со дня повторного ввода лекарственных средств в оборот.,
Какая стоимость кода маркировки?,"Стоимость кода маркировки (кода идентификации) составляет 2,40 тенге без НДС. Стоимость утверждена Приказом и.о. Министра здравоохранения Республики Казахстан от 18 июля 2023 года № 134 ""Об определении предельного размера стоимости контрольного (идентификационного) знака, средства идентификации, применяемых в маркировке лекарственных средств"".",
Какие лекарства подлежат маркировке?,"С 1 июля 2024 года маркировке подлежит 100% лекарственных средств, обращающихся на рынке Казахстана. Перечень лекарств, подлежащих маркировке, утвержден Приказом и.о. Министра торговли и интеграции Республики Казахстан от 27 сентября 2024 года № 343-НҚ ""Об определении перечня товаров, подлежащих маркировке"".

Исключения отражены в пункте 7 Приказа Министра здравоохранения Республики Казахстан от 27 января 2021 года № ҚР ДСМ-11 ""Об утверждении правил маркировки и прослеживаемости лекарственных средств и маркировки медицинских изделий"".",
вопросы по платформе ISMET,,
что такое ISMET?,"ISMET - это цифровая платформа для бизнеса АО ""Казахтелеком"", функционирующая с 2018 года. На ISMET компании имеют возможность взаимодействовать с госорганами в режиме онлайн – оплачивать налоги, сдавать отчетность, а также использовать облачные сервисы для хранения данных. Кроме того, предпринимателям доступны такие цифровые сервисы, как ведение облачного учета для бухгалтерии, виртуальная касса с автоматической передачей данных в налоговые органы, проверка добросовестности контрагентов, аренда серверов для хранения данных, а также система учета для автоматизации любого бизнеса. 
Участники оборота лекарственных средств, обеспечивающие маркировку лекарств (производители и импортеры) имеют возможности формирования бухгалтерских документов на ISMET.
Также платформа стала ресурсом, где разместилась Информационная система ""Центр электронного документооборота маркированных товаров"", обеспечивающая прослеживаемость маркированных лекарств. Так, для авторизации в ЦЭДМ, участнику оборота лекарственных средств необходимо сначала зарегистрироваться на платформе ISMET.",
Какова задача ISMET ?,"Платформа для бизнеса АО «Казахтелеком» (https://www.ismet.kz/), где участники оборота лекарственных средств работают с бухгалтерскими документами. Регистрация в данной подсистеме обязательна и является шагом к авторизации в подсистеме Центр электронного документооборота маркировки",
Основные функции ISMET в части маркировки лекарств?,"ISMETобеспечивает возможность работы с бухгалтескими документами для производителей и импортеров, а также обеспечивает доступ к авторизации в информационной системе ""Центр электронного документооборота маркированных товаров"" (ЦЭДМ).",
Какие документы создаются на платформе ISMET?,"В подсистеме ISMETсоздаются следующие виды электронных документов: 
-Счета на оплату,
- Электронные акты выполненных работ (оказанных услуг), 
- Электронные акты сверок (оказанных услуг), 
- и другие.
Все эти документы формируются, подписываются электронной цифровой подписью.   ",
Нужно ли платить за работу на платформе ISMET?,"Нет, работа на ISMET является бесплатной.",
Для чего осуществляется регистрация на платформе ISMET?,"Регистрация на платформе ISMET осуществляется для работы с бухгалтерскими документами (счет на оплату, акт выполненных работ, акт сверки). 
Также регистрация на платформе ISMET обеспечивает доступ к информационной системе ""Центр электронного документооборота маркированных товаров"" (ЦЭДМ), где осуществляется процесс прослеживаемости маркированных лекарств.",
Кто использует платформу ISMET?,"Платформу ISMET используют производители и импортеры для формирования бухгалтерских документов при работе с маркировкой. Также регистрация на платформе ISMET является обязательным шагом для всех участников оборота (производителей, импортеров, оптовых реализаторов, аптечных и медицинских организаций), т.к. обеспечивает возможность авторизации в информационной системе ""Центр электронного документооборота маркированных товаров"" (ЦЭДМ), где осуществляется прослеживаемость маркированных лекарственных средств.",
Как зарегистрироваться на платформе ISMET?,"Для регистрации на платформе ISMET необходимо:
1 перейти на страницу www.ismet.kz;
2 нажать на кнопку «Регистрация на Ismet» в разделе «Маркировка»;
3 в открытом окне регистрации нажать на кнопку «Зарегистрироваться»;
4 в открывшемся окне ввести данные и нажать кнопку «Зарегистрироваться» (в случае если вы нерезидент, необходимо нажать кнопку «Я нерезидент Казахстана»);
5 указать 4-значный код активации, поступивший на номер телефона, и нажать на кнопку «Подтвердить».  
Примечание: для осуществления дальнейшей деятельности на портале ISMET необходимо прикрепить компанию к учетной записи.  
 Для прикрепления компании необходимо: 
•        установить приложение NCALayer; 
•        электронная цифровая подпись компании. 
Прикрепление компании возможно несколькими способами. 
Первый способ –  После проведенной регистрации через всплывающее окно «Прикрепить компанию» и подписать действие ЭЦП юридического лица.
Второй способ – Перейти в Профиль и нажать на кнопку «Прикрепить компанию» в меню страницы и подписать действие ЭЦП юридического лица.
Третий способ – Перейти в «Личный кабинет» и выбрать «Мои компании». Далее необходимо нажать на кнопку «Добавить компанию» и подписать действие ЭЦП юридического лица.

Пошаговая видео инструкция по регистрации на портале Ismet.kz:  https://youtu.be/AYYbrOBRWds  
Пошаговая видео инструкция по прикреплению компании к учетной записи: https://youtu.be/k2Foasxad4U  

",
Как прикрепить компанию в ISMET?,"Прикрепить компанию на платформе ISMET можно при условии, что на компьютере установлено приложение NCALayer и имеется электронная цифровая подпись компании. 
Прикрепление компании возможно несколькими способами. 
Первый способ –  После проведенной регистрации через всплывающее окно «Прикрепить компанию» и подписать действие ЭЦП юридического лица.
Второй способ – Перейти в Профиль и нажать на кнопку «Прикрепить компанию» в меню страницы и подписать действие ЭЦП юридического лица.
Третий способ – Перейти в «Личный кабинет» и выбрать «Мои компании». Далее необходимо нажать на кнопку «Добавить компанию» и подписать действие ЭЦП юридического лица.

Пошаговая видео инструкция по регистрации на портале Ismet.kz:  https://youtu.be/AYYbrOBRWds  
Пошаговая видео инструкция по прикреплению компании к учетной записи: https://youtu.be/k2Foasxad4U  ",
Что делать если на ISMET не отображается лицевой счет по маркировке?,"В случае если на платформе ISMET не отображается лицевой счет по маркировке, нужно написать заявку в техническую поддержку на электронный адрес mark@ismet.kz с указанием БИН юридического лица.",
Как получить счет на оплату на платформе ISMET?,"Для получения счета на оплату на платформе ISMET необходимо авторизоваться в личном кабинете на сайте ismet.kz. Далее зайти в раздел Финансовые документы и нажать кнопку Счет на оплату, затем Сформировать. Выбрать лицевой счет по маркировке. Выбрать валюту и указать сумму. Нажать кнопку Сформировать. ",
Как получить на платформе ISMET акт выполненных работ?,Для получения акта выполненных работ на платформе ISMET необходимо авторизоваться в личном кабинете на сайте ismet.kz. Далее зайти в раздел Финансовые документы и нажать кнопку Акт выполненных работ. Выйдет перечень актов на текущую дату.,
Возможно ли на ISMET формировать счета на оплату не в тенге?,"Да, счет на оплату может быть сформирован в тенге. Также есть возможность формирования счетов на оплату в евро, долларах США и рублях.",
В каких валютах возможно формировать счета на оплату в ISMET?,"На платформе ISMET есть возможность формировать счета на оплату в тенге, евро, долларах США, рублях.",
Что делать если забыл пароль для входа на платформу ISMET?,Пароль можно восстановить при входе в личный кабинет. Для этого необходимо нажать кнопку Восстановить пароль и следовать инструкциям указанным на странице. ,
Что делать если забыл логин для входа на платформу ISMET?,"Восстановление логина не возможно.  Другим вариантом входа явяляется авторизация с помощью номера телефона, использованного при регистрации на платформе ISMET. В противном случае необходимо регистрироваться заново. ",
Как проходить регистрацию если есть несколько юр лиц?,"В случае если вы являетесь владельцем нескольких юридических лиц или вы работаете / оказываете услуги нескольким юридическим лицам, то после регистрации на платформе ISMET имеется возможность прикрепить более одной компании с помощью ЭЦП таких компаний.",
вопросы по NS Pharm,,
Для чего предназаначено приложение NS Pharm?,"Мобильное приложение NS Pharm предназначено для работы участников оборота лекарственных средств с маркированными лекарствами в рамках  прослеживаемости. Целевыми пользователсями приложения являются аптечные организации. Приложение устанавливается на мобильный телефон и позволяет осуществлять прием лекарств от поставщиков, а также формировать акты приема-передач, уведомления о выводе из оборота. Для сканирования кодов маркировки используется камера мобильного телефона.",
Что такое NS Pharm ?,"NS Pharm это бесплатное мобильное приложение, разработанное для аптечных организаций. Приложение позволяет выполнять основные операции, связанные с работой с маркированными лекарственными средствами, с помощью обычного смартфона и без необходимости приобретения дорогостоящего оборудования. ",
Основные функции мобильного приложения NS Pharm?,"Прием лекарств: обеспечивает возможность принятия акта приема-передач (в т.ч. со сверкой кодов маркировки) путем подписания ЭЦП. 
Формирование документов прослеживаемости: позволяет формировать акт приема-передачи, уведомление о выводе из оборота. 
Проверка марок: позволяет сканировать коды маркировки для просмотра информации о коде.",
Можно ли продавать лекарственные средства через приложение NS Pharm?,"Продавать лекратсвенные средства через мобильное приложение NS Pharm нельзя. Для продажи лекарственных средств необходимо использовать контрольно-кассовую машину. 
Касса должна быть подготовлена для работы с кодами маркировки (обновлена, прошита или заменена).",
Преимущества использования NS Pharm?,"Экономичность: исключает приобретение 2Д сканера и компьютера.  
Доступность: подходит для аптек любого размера, включая те, что расположены в сельской местности или отдалённых районах. 
Простота в использовании: интуитивно понятный интерфейс позволяет быстро освоить приложение без необходимости в дополнительном обучении. 
Соответствие законодательству: обеспечивает выполнение требований к аптечным организациям по обеспечению прослеживаемости маркированных лекарственных средств, установленных законодательством Республики Казахстан.",
Нужно ли ЭЦП для работы в мобильном приложении NS Pharm?,"Да, для работы в мобильном приложении требуется ЭЦП. ЭЦП необходимо загрузить в мобильный телефон. ЭЦП требуется для подписания электронных документов в мобильном приложении NS Pharm.",
вопросы по Naqty Onim,,
Для чего предназанчено приложение Naqty Onim?,Приложение Naqty Onim предназначено для населения и служит инструментом проверки подлинности и легальности маркированных лекарств.,
Основная задача и функции Naqty Onim?,Приложение Naqty Onim помогает убедиться в подлинности лекарственных средств. Приложение Naqty Onim дает возможность ознакомиться с информацией о маркированном лекарственном средстве путем сканирвоания кода Data Matrix.,
Как потребитель может проверить подлинность кода маркировки на упаковке лекарственного средства?,"Проверить подлинность коды марировки можно с помощью мобильного приложения Naqty Ónim:
1.Установить мобильное приложение Naqty Ónim на телефон;
2.Открыть приложение и нажать кнопку сканирования;
3.Навести камеру смартфона на код маркировки на упаковке. Приложение автоматически считает код и покажет информацию о товаре. 
4.Проверить статус товара. Статус ""В обороте"" означает, что товар подлинный и лекарственное срество находится в обороте. Статус ""Выведен из оборота или не найден""  означает, что возможно, лекарственное средство является фальсификатом или имеется нарушение маркировки. 
5. В случае обнаружения фальсифицированного лекарственного средства, в приложении можно сразу отправить жалобу в надзорные органы.",
" Как зарегистрироваться в приложении Naqty Onim?
","1.Скачайте приложение: 
- Для устройств на Android перейдите в [Google Play] (https://play.google.com/store/apps/details?id=kz.markirovka.naqtyonim) и установите приложение. 
- Для устройств на iOS перейдите в [App Store](https://apps.apple.com/kz/app/naqty-%C3%B3n%D1%96m/id1544720295) и установите приложение. 
2.Откройте приложение и выберите опцию ""Регистрация"". 
3.Введите свой номер мобильного телефона (с казахстанским кодом +7). 
4.Получите SMS с кодом подтверждения и введите его в соответствующее поле. 
5.Завершите регистрацию, следуя инструкциям на экране.",
Как потребитель сможет проверить подлинность продукции с помощью маркировки?,"Подтребитель может проверить подлинность и легальность маркированного лекарственного средства с помощью мобильного приложения Naqty Onim. Приложение
доступно к скачиванию в Play Market и App Store. Мобильное приложение дает возможность отсканировать код маркировки с упаковки лекарственного средства и получить информацию как о самом лекарстве, его производителе, а также пути движения лекарства от производителя через оптовиков до медицинских и аптечных организаций, проверить статус кода маркировки (введен в оборот, выведен из оборота). Также можно сравнить внешний вид упаковки.
При подозрении на фальсифицированное или нелегальное лекарственное средство, имеется возможность сообщить об этом в уполномоченные органы или в систему маркировки через приложение.

",
Нужно ли маркировать пиво?,В настоящее время в Казахстане завершен пилотный проект по маркировке пива. Плановые сроки введения обязательства определены руководством Правительства на 1 января 2026 года. Более точную информацию можно уточнить в отраслевом государственном органе.,
Каким способом необходимо осуществлять маркировку пива?,"в настоящее время в Казахстане не утверждены Правила маркировки и прослеживаемости пивоваренной продукции. При этом Комитетом государственных доходов МФ РК предполагается, что нанесение средства идентификации на потребительскую и групповую упаковки или на кег, или на их укупорочное средство в случае производства, оборота пивоваренной продукции на территории Республики Казахстан осуществляется в местах производства или хранения такой продукции, а в случае ввоза - до фактического пересечения государственной границы Республики Казахстан, до помещения под таможенные процедуры выпуска для внутреннего потребления или реимпорта.",
С какой даты обязательная маркировка пива?,Плановые сроки введения обязательства определены руководством Правительства на 1 января 2026 года. Более точную информацию можно уточнить в отраслевом государственном органе.,
Какие виды пива подлежат к маркировке?,"Перечень кодов ТНВЭД, которые подлежат обязательной маркировке утверждены приказом и.о. Министра торговли и интеграции Республики Казахстан от 27 сентября 2024 года № 343-НҚ. При этом планируется введение обязательной маркировки на пиво и пивные напитки, безалкогольное пиво.",
Кто обязан маркировать пиво?,"В настоящее время Комитетом государственных доходов разрабатывается проект Правил маркировки и прослеживаемости пивоваренной продукции средствами идентификации, которым предусмотрена обязанность обеспечить нанесение кода маркировки производителем и импортеров пивоваренной продукции.",
Какая система используется для маркировки пива?,Для маркировки и прослеживаемости товаров в Республике Казахстан используется Информационная система маркировки и прослеживаемости товаров (ИС МПТ),
Как выглядит маркировка на пиве?,"В настоящее время Комитетом государственных доходов разрабатывается проект Правил маркировки и прослеживаемости пивоваренной продукции средствами идентификации, которым предусматривается, что средство идентификации пивоваренной продукции наносится в виде двумерного штрихового кода Дата Матрикс (DataMatrix) ГС1 (GS1), пригодного для машинного считывания на потребительскую упаковку или на кег, или на их укупорочное средство методом, не допускающим отделения средства идентификации без повреждения средства идентификации",
Как получить коды маркировки пиво?,"В настоящее время Комитетом государственных доходов разрабатывается проект Правил маркировки и прослеживаемости пивоваренной продукции средствами идентификации, которым предусматривается для обеспечения маркировки пивоваренной продукции средством идентификации УОТ направляет Оператору посредством ИС МПТ запрос на получение кода маркировки.",
"При введении обязательной маркировки на пиво в Казахстане, а для России тоже нужно отдельно покупать коды маркировки? ","24 сентября 2024 года подписано Решение Совета Евразийской экономической комиссии ""О маркировке пива и напитков, изготавливаемых на основе пива, средствами идентификации"", которым предусмотрено взаимное признание кодов маркировки",
Сколько стоит маркировка одной единицы на пива?,"В настоящее время в Казахстане не введена маркировка пивоваренной продукции. При этом, в рамках подготовки к вводу обязательной маркировки расчет на один код маркировки составляет 3,06 тенге без НДС.",
Нужно ли будет маркировать кеги с пивом?,"В настоящее время Комитетом государственных доходов разрабатывается проект Правил маркировки и прослеживаемости пивоваренной продукции средствами идентификации, которым предусматривается маркировка кег.",
"Обязательна ли марикровка пива в кафе, барах и ресторанах?","В настоящее время Комитетом государственных доходов разрабатывается проект Правил маркировки и прослеживаемости пивоваренной продукции средствами идентификации, которым предусматривается маркировка и прослеживаемость пивоваренной продукции.",
Когда планируется проведение публичных слушаний по тарифу за код маркировки на пивоваренную продукцию?,Проведение публичных слушаний планируется 8 мая текущего года в 16.00ч. в онлайн формате,
На основании какого нормативного акта был реализован пилотный проект по маркировке пивоваренной продукции в Казахстане?,Пилотный проект по маркировке пивоваренной продукции в Республике Казахстан был реализован на основании Приказа Министра финансов Республики Казахстан от 09 февраля 2024 года №73 «О некоторых вопросах пилотного проекта по маркировке и прослеживаемости пивоваренной продукции».,
как можно удалить из кабинета ИСМПТ не активных пользователей?,В ИС МПТ отсутствует функционал удаления пользователей. Неактивные пользователи не могут быть удалены и будут отображаться в реестре пользователей в Профиле ИС МПТ.,
нужно ли маркировать вейпы?,в настоящее время вейпы (одноразовые электронные сигареты) запрещены для оборота в РК. ,
каким документом необходимо оформлять реализацию табачных изделий в ИС МПТ?,"Для оформления реализации табачных изделий в ИС МПТ необходимо использовать Акт приема (передачи). При возмездной или безвозмездной передаче табачных изделий новому собственнику, участник оборота формирует акт приема (передачи) по форме согласно приложению 7 к Правилам маркировки, подписывает его ЭЦП и направляет в ИС МПТ для получения регистрационного номера в срок не позднее следующего дня реализации табачных изделий.",
какая ответственность предусмотрена за не соблюдения Правил маркировки по табаку,"Согласно статье 283 КоАП РК — «Нарушение законодательства Республики Казахстан о производстве и (или) обороте отдельных видов товаров» — предусмотрена административная ответственность за нарушение порядка маркировки табачной продукции, подлежащей обязательной маркировке.",
каким образом вывести табачные изделия из оборота,"Согласно Правил маркировки и прослеживаемоти табачных изделий средствами идентификации вывод из оборота можно осуществить тремя способами: 1. Сканируя Data matrix код на упаковке 2Д сканером при продаже потребителю на кассе. 2. Уведомлением о выводе товара из оборота, путем формирования документа в ИС МПТ. 3. Путем Сервиса автовыбытия.",
есть ли какие-то мобильные приложения для работы с маркированными товарами,Единым оператором маркировки и прослеживаемости товаров разработаны бесплатные мобильные приложения такие как: 1. Naqty Sauda.Akt - позволяет подтверждать и отклонять акт приема (передачи). 2 Naqty Onim - позволяет проверить легальность товара и осуществить подачу обращения покупателями.,
Как создать карточку товара в НКТ?,"1. Авторизация в системе ИС МПТ, затем переход в НКТ  
 
2. Переход в раздел «Товары»  
 
3. Создание новой карточки  
   Нажмите на кнопку «Создать карточку товара» или аналогичную («Добавить товар»).

4. Заполнение обязательных полей  
   - Наименование товара
   - Категория (выберите из справочника)
   - Штрихкод (GTIN)
   - Производитель
   - Описание и характеристики (размер, цвет, состав и др.)
   - Изображения товара
   - Дополнительные параметры в зависимости от типа товара (например, алкоголь, обувь и др.)

5. Проверка корректности данных  
   Проверьте все введённые данные на соответствие требованиям и стандартам.

6. Сохранение карточки  
   После заполнения всех обязательных полей нажмите кнопку «Сохранить» или «Отправить на модерацию».

7. Ожидание модерации  
   После отправки карточки на модерацию оператор НКТ проверит корректность данных. В случае необходимости исправлений вернет карточку на доработку.

8. Публикация карточки  
   После успешной модерации карточка необходимо опубликовать карточку товара. Нажать на три точки выбрать ""Опубликовать"" и подписать ЭЦП. Карточка товара будет опубликована и станет доступна для дальнейших действий (например, генерации кодов маркировки).

Обратите внимание:  
- Для некоторых категорий товаров могут требоваться дополнительные поля или документы.  
- Важно соблюдать установленные форматы ввода и требования к изображениям.",
Как заказать коды маркировок?,"1. Зарегистрироваться в системе обязательной маркировки товаров (ИС МПТ) на портале оператора Казахтелеком, в зависимости от категории товара.
2. Получить электронную цифровую подпись (ЭЦП) для юридического лица или индивидуального предпринимателя.
3. В личном кабинете системы маркировки перейти в сервис ""Станция управления заказами"" (СУЗ) зайти в ""Заказы"" и нажать на кнопку ""Новый заказ"".
4. Заполнить все необходимые поля, указав наименование товара, количество необходимых кодов, а также сведения о производителе или импортере.
5. После обработки заявки система сгенерирует уникальные коды маркировки в формате Data Matrix.
6. Скачайте полученные коды и интегрируйте их в процесс нанесения на продукцию (этикетка, упаковка и др.).
7. Подтвердите факт нанесения кодов маркировки и их ввод в оборот через личный кабинет системы.

Важно: Оплата за коды маркировки производится согласно тарифам, установленным оператором системы. После оплаты коды доступны для скачивания.

Если вам требуется интеграция с 1С или другой учетной системой, используйте API, предоставляемый оператором маркировки.",
Какое количество кодов маркировки можно заказать разово?,В одном заказе 150 000 кодов маркировки на один GTIN.,
"Что делать, если код маркировки поврежден или не считывается?","Провести инвентаризацию для поиска информации о коде в системе, списать в ИС МПТ через уведомления",
Сколько дней дается для подписания акта приема передачи по табаку,в течение 5 (пяти) рабочих дней с даты регистрации Акта приема/передачи,
"А если не было возможности, интернета/ устройства для создания акта приема передачи, что в таких случаях делать?","Акт приема (передачи) оформляется в электронной форме, за исключением случая, когда участник оборота оформляет акт приема (передачи) на бумажном носителе при подтверждении информации на интернет-ресурсе Оператора о невозможности оформления акта приема (передачи) в ИС МПТ по причине технических ошибок в ИС МПТ.

      После устранения технических ошибок акт приема (передачи), оформленный ранее на бумажном носителе, подлежит введению поставщиком в ИС МПТ в течение 1 (одного) рабочего дня с даты устранения технических ошибок в ИС МПТ, но не позднее дня передачи товара третьим лицам.  как можно сократить но чтобы мысль осталось",
Где могу получить API по табаку?,https://markirovka.ismet.kz/ru/business/product/tobacco на сайте в разделе технические документы,
"Разрешён ли в настоящее время оборот одноразовых электронных сигарет (вейпов) на территории Республики Казахстан,",На сегодняшний день в Республике Казахстан оборот одноразовых электронных сигарет (вейпов) запрещен.,
Подлежат ли одноразовые электронные сигареты (вейпы) обязательной цифровой маркировке в рамках законодательства по маркировке и прослеживаемости товаров,На сегодняшний день в Республике Казахстан оборот одноразовых электронных сигарет (вейпов) запрещен.,
Кто обязан осуществлять маркировку табачных изделий?,"Обязательство по маркировке лежит на производителях и импортёрах табачной продукции. Розничные продавцы не наносят коды, но обязаны принимать и реализовывать только промаркированную продукцию.",
"Что делать, если код повреждён или не читается?","Необходимо зафиксировать случай, оформить акт списания или брак, передать информацию в ИС МПТ через личный кабинет. Повреждённая продукция без читаемого кода не может быть легально реализована.",
Можно ли использовать один и тот же код на нескольких пачках или блоках?,нет.,
Можно ли нанести код вручную или наклейкой?,"Да, но только при импорте (за исключением сигарет) — допускается нанесение стикера с кодом.",
"Требуется ли маркировка для табачных изделий, ввозимых для личного пользования?",нет.,
Что означает отсутствие кода маркировки на пачке?, Сигареты поддельные или нелегальные,
Кто может проверить код на легальность?,любой человек,
Может ли покупатель пожаловаться на поддельную продукцию?,"Да, через мобильное приложение или официальные каналы",
Что происходит при сканировании поддельного кода?, Система сообщает о несоответствии или ошибке,
В каком формате представлен маркировочный код?,Data Matrix,
Кто должен обеспечивать наличие сканеров для проверки кодов в магазине?, Владельцы торговых точек,
Какой цвет Data Matrix кода на пачке сигарет?,Чёрно-белый,
Как называется мобильное приложение для проверки маркировки в Казахстане?,"""Naqty Onim""",
При продаже сигарет в торговую точку какой документ нужно выписывать?,При реализации табачных изделий поставщиком оформляется акт приема (передачи) в сторону получателя,
Нужно ли заполнять документ при импорте сигар,Импортер при ввозе в РК табачных изделий в обязательном порядке формирует в ИС МПТ Уведомление о ввозе со стран ЕАЭС или третьих стран ,
в течение какого времени необходимо подтвердить акт приема передачи,Акт приема\передачи необходимо подтвердить в течение 5 (пяти) рабочих дней с даты регистрации Акта приема/передачи,
Нужно ли маркировать БАДы?,С 28 марта 2025 года в Казахстане проводится пилотный проект маркировки биологически активных добавок к пище в соответствие с приказом первого-вице здравоохранения Республики Казахстан. Решение по обязательной маркировке БАД будет принято после завершения пилота. Более подробную информацию можете уточнить у отраслевого государственного органа.,
Каким способом необходимо осуществлять маркировку БАД?,"в настоящее время в Казахстане не утверждены Правила маркировки и прослеживаемости БАД. При этом Комитетом санитарно-эпидемиологического контроля МЗ РК предполагается, что нанесение средства идентификации на потребительскую и групповую упаковки в случае производства, оборота БАД на территории Республики Казахстан осуществляется в местах производства или хранения такой продукции, а в случае ввоза - до фактического пересечения государственной границы Республики Казахстан, до помещения под таможенные процедуры выпуска для внутреннего потребления или реимпорта.",
С какой даты обязательная маркировка БАД?,Плановые сроки введения обязательства еще не определены Правительством РК. Более точную информацию можно уточнить в отраслевом государственном органе.,
Какие виды БАД подлежат к маркировке?,"Перечень кодов ТНВЭД, которые подлежат обязательной маркировке утверждены приказом первого вице-министра Республики Казахстан от 28 марта 2025 года №198. ",
Кто обязан маркировать БАД?,"В рамках пилотного проекта маркировки БАД обязанность по нанесению кодов маркировки возлагается на производителя в случае производства, оборота БАД на территории Республики Казахстан осуществляется в местах производства или хранения такой продукции, а в случае ввоза - импортером или иностранным производителем до фактического пересечения государственной границы Республики Казахстан, до помещения под таможенные процедуры выпуска для внутреннего потребления или реимпорта",
Какая система используется для маркировки БАД?,Для маркировки и прослеживаемости товаров в Республике Казахстан используется Информационная система маркировки и прослеживаемости товаров (ИС МПТ),
Как выглядит маркировка на БАД?,"Средство идентификации БАД наносится в виде двумерного штрихового кода Дата Матрикс (DataMatrix) ГС1 (GS1), пригодного для машинного считывания на потребительскую упаковку методом, не допускающим отделения средства идентификации без повреждения средства идентификации",
Как получить коды маркировки БАД?,"В настоящее время в Казахстане еще не введена обязательная маркировка БАД и при проведении экспериментов с участниками пилота БАД, коды маркировки будут эмитироваться через ИС МПТ. ",
"При введении обязательной маркировки на БАД в Казахстане, а для России тоже нужно отдельно покупать коды маркировки? ","24 сентября 2024 года подписано Решение Совета Евразийской экономической комиссии ""О маркировке биологически активных добавок к пище средствами идентификации"", которым предусмотрено взаимное признание кодов маркировки, то есть при введении обязательной маркировки БАД в РК не будет необходимости в покупке для РФ.",
Сколько стоит маркировка одной единицы на БАД?,"В настоящее время в Казахстане не введена маркировка БАД, при введении обязательной маркировки решение будет принято Правительством совместно с отраслевыми государственными органами",
Как стать участником пилота маркировки БАД,"ДЛя этого необходимо направить письмо-согласие на участие в пилотном проекте в адрес Единого Оператора маркировки и прослеживаемости товаров, в лице АО ""Казахтелеком""",
Какая ответственность предусмотрена за отсутствие маркировки БАД?,В настоящее время ответственность за отсутствие маркировки БАД не предусмотрена. Кроме того обязательная маркировка БАД не введена. ,
На основании какого нормативного акта был реализован пилотный проект по маркировке БАД в Казахстане?,Пилотный проект по маркировке БАД в Республике Казахстан был реализован на основании Приказа первого вице-министра здравоохранения  Республики Казахстан от 28 марта 2025 года №198 «О некоторых вопросах пилотного проекта по маркировке и прослеживаемости БАД».,
Как продавать маркированные БАД в РФ,"В РФ маркировка введена в 2023 году. Для получения кодов маркировки РФ необходимо обратиться Оператору маркировки и прослеживаемости РФ. В Казахстане на сегодняшний день проводится пилотный проект, обязательная маркировка БАД не внедрена.",
Как получить российские (РФ) КИЗы для эскпорта в РФ ,"В РФ маркировка введена в 2023 году. Для получения кодов маркировки РФ необходимо обратиться Оператору маркировки и прослеживаемости РФ. В Казахстане на сегодняшний день проводится пилотный проект, обязательная маркировка БАД не внедрена.",
Зачем нужна маркировки БАД?,"Маркировка нужна для прослеживания оборота, защиты от подделок и контроля качества продукции.",
На основании какого документа вводится маркировка БАД?,Маркировка вводится на основании Приказа первого вице-министра здравоохранения РК от 28 марта 2025 года №198.,
Где можно найти текст приказа по маркировке БАД?,Текст приказа доступен на сайте Министерства здравоохранения РК или в справочно-правовой системе.,
Какие коды будут использоваться для маркировки БАД?,"Для маркировки будут использоваться Data Matrix-коды с криптохвостом, идентифицирующие каждую единицу товара.",
Кто выдает коды маркировки БАД?,Коды маркировки выдаются через Национального оператора – «Центр развития цифровой экономики».,
Когда в Казахстане вводится маркировка моторных масел?,"На сегодняшний день проведен пилотный проект по маркировке и прослеживаемости моторных масел. Согласно поручению Правительства, срок введения обязательной маркировки моторных масел – с 1 сентября 2025 года. О каких-либо изменениях сроков уполномоченный орган в лице Министерства энергетики Республики Казахстан заранее сообщит на своем официальном сайте.",
Какие товары подлежат маркировке в рамках моторных масел?,"Ответ: в рамках введения обязательной маркировки моторных масел в Казахстане планируется маркировать масла, предназначенные для применения в двигателях внутреннего сгорания. К таким товарам относятся масла моторные масла, подпадающие под следующие коды ТН ВЭД ЕАЭС: 2710198200, 3403199000, 3403191000, 3403990000.

Таким образом, маркировке подлежат все моторные масла предназначенные для двигателей внутреннего сгорания, реализуемые на территории Казахстана, согласно утвержденному перечню кодов ТН ВЭД ЕАЭС.",
Кто обеспечивает нанесение КИЗ на моторные масла?,"Нанесение КИЗ должны обеспечить лица, вводящие товар в оборот. То есть производители моторных масел на территории Республики Казахстан и импортеры моторных масел в Республику Казахстан.",
Когда КИЗ должны быть нанесены на потребительскую упаковку товара?,"В настоящее время Правила маркировки и прослеживаемости моторных масел не утверждены. Однако, планируется, что импортером маркировка моторных масел, произведенных за пределами территории Республики Казахстан, средством идентификации, должна быть обеспечена до ввоза на территорию Республики Казахстан или до его помещения под таможенные процедуры выпуска для внутреннего потребления или реимпорта. 
Производитель осуществляет маркировку моторного масла, произведенного на территории Республики Казахстан, средством идентификации до первичной возмездной или безвозмездной его передачи новому собственнику или иному лицу.",
"Как выводится из оборота моторное масло, которое не может быть использовано сразу целиком? К примеру, 200-литровая бочка.","Такой товар должен быть выведен из оборота после того, как масло из данной тары будет израсходовано полностью. То есть, после использования полного объема бочки.",
нужно ли сейчас маркировать моторное масло,В настоящее время в Казахстане еще не введена обязательная маркировка моторного масла. ,
Когда проводился пилотный проект по маркировке моторных масел?,"В соответствии с приказом Министра энергетики Республики Казахстан № 36 от 26 января 2024 года, пилотный проект по маркировке и прослеживаемости моторных масел проводился с 1 февраля 2024 года по 1 февраля 2025 года.",
Какие данные необходимо вносить при создании карточки моторного масла в ИС МПТ?,"В настоящее время маркировка моторного масла не введена. Вместе с тем, согласно методике реализации пилотного проекта, для регистрации карточки товара необходимо внести следующую информацию о товаре: 
1) ИИН или БИН УОТ;
2) полное наименование товара;
3) сведение о сроках хранения;
4) сведения о товарном знаке, знаке обращения и соответствия;
5) сведения о производителе и изготовителе товара;
6) код товара ГНТЕ (GTIN);
7) код государственного классификатора (КПВЭД);
8) код ТН ВЭД ЕАЭС;
9) код ГКП (GPC);
10) марка;
11) назначение продукта;
12) декларация о соответствии;
13) класс вязкости моторного масла;
14) объем;
15) единица измерения объема.",
Каким способом необходимо маркировать моторные масла?,"Средство идентификации моторных масел наносится в виде двумерного штрихового кода ДатаМатрикс ГС1 (GS1), пригодного для машинного считывания на потребительскую и (или) групповую упаковку, или на этикетку, располагаемую непосредственно на потребительской упаковке или групповой упаковке и содержащую средство идентификации методом, не допускающим отделения средства идентификации без повреждения средства идентификации.",
Как получить коды маркировки на моторные масла?,"После регистрации моторного масла в ИС МПТ, для обеспечения маркировки моторного масла средством идентификации УОТ направляет Оператору посредством ИС МПТ запрос на получение кода маркировки по соответствующей форме.
 С момента регистрации запроса в ИС МПТ Оператор в течение 4 (четырех) часов осуществляет эмиссию (генерирует) указанного в запросе количества кодов маркировки с применением алгоритмов криптографической защиты на основании данных, полученных от УОТ, включает соответствующие коды идентификации в реестр средств идентификации ИС МПТ, предоставляет УОТ сведения о составе эмитированных кодов маркировки.",
Надо ли маркровать моторное масло уже промаркированное в России?,"В настоящее время маркировка моторного масла не введена. Однако, в РФ с 1 апреля 2025 года осуществляется маркировка моторных масели и инфх смазочных материалов. После принятия соответствующего решения ЕЭК, планируется осуществить процедуру взаимного признания кодов маркировки между РК и РФ. После проведения данной процедуры, повторно маркировать моторное масло уже промаркированное в РФ не нужно.",
Как нам стать участником пилотного проекта по маркировке моторных масел?,В настоящее время пилотный проект по маркировке моторных масел уже завершен. Согласно протоколу Итогового заседания рабочей группы по пилотному проекту маркировки и прослеживаемости моторных масел от 3.02.2025 года пилотный проект был признан завершенным.,
Какая ответственность предусмотрена за отсутствие маркировки моторных масел?,В настоящее время ответственность за отсутствие маркировки моторных масел не предусмотрена. Кроме того обязательная маркировка моторных масел не введена. ,
необходимо ли импортёрам и производителям нанимать дополнительных сотрудников для процедуры маркировки?,"Привлечение дополнительного персонала не является обязательным условием для выполнения требований по маркировке.
На практике большинство компаний успешно интегрируют маркировку в существующие бизнес-процессы, перераспределяя функции между текущими сотрудниками.
Процедура маркировки во многом схожа с инвентаризацией или операциями складского учёта, и она не требует высокой технической квалификации или длительного обучения.
Также Единый оператор предоставляет подробные инструкции, техническую документацию и доступ к обучающим материалам. При необходимости доступна техническая поддержка.
",
не приведет ли введение маркировки моторных масел к удорожанию конечного продукта из-за стоимости оборудования и средств идентификации,"Маркировка осуществляется с применением недорогих технических решений. Для печати КИЗ не требуется дорогостоящее промышленное оборудование, в большинстве случаев достаточно стандартного термотрансферного принтера и 2Д сканера, которые зачастую уже используются на складах и производстве. Стоимость оборудования для маркировки ЮИ (принтер этикеток, терминал сбора данных, ручной аппликатор, 2Д сканер) составляет около 100 - 200 тыс. тенге для крупных импортеров и производителей. Также, стоимость КИЗ составит не более 4,7 тенге за экземпляр. Таким образом, сумма затрат производителей и импортеров является не существенной и не может значительно повлиять на стоимость продукции.",
Когда в Республике Казахстан проводился пилотный проект по маркировке моторных масел?,Пилотный проект проводился в РК с 1.02.2024 по 1.02.2025 года,
На основании какого нормативного акта был реализован пилотный проект по маркировке моторных масел в Казахстане?,Пилотный проект по маркировке моторных масел проводился в соответствии с приказом Министра энергетики Республики Казахстан № 36 от 26 января 2024 года,
В какие годы был реализован пилотный проект по маркировке и прослеживаемости моторных масел в Казахстане?,Пилотный проект по маркировке моторных масел проводился в 2024 - 2025 годы,
Планируется ли введение обязательной маркировки моторных масел в Республике Казахстан?,Введение обязательной маркировки планируется с 1 сентября 2025 года,
Какие мероприятия проводятся государством в рамках подготовки к обязательной маркировке моторных масел?,"Государством проводитится комплекс мероприятий. В том числе пилотный проект по маркировке моторных масел, обучения, семинары и разъяснительные мероприятия среди участников оборота товаров.",
С какого года планируется ввести обязательную маркировку моторных масел в Казахстане?,Обязательную маркировку планируется ввести с 2025 года.,
"Каким документом регулируется пилотный проект по маркировке моторных масел, реализованный в 2024 году?",Пилотный проект был реализован в соответствии с приказом Министра энергетики Республики Казахстан № 36 от 26 января 2024 года,
Какая стоимость КИЗ планируется для моторных масел?,"Для моторных масел планируется установить КИЗ в размере не более 4,7 тенге без НДС.",
"Почему стоимость КИЗ по моторным маслам выше, чем стоимость по уже введенным товарным группам? К примеру, стоимость КИЗ по ЛС 2,4 тенге, по табачным изделиям 2,68 тенге, а по моторным маслам 4,7 тенге. То есть стоимость практически в 2 раза выше стоимости по уже введенным товарным группам.","Стоимость КИЗ определяется не сравнением с другими товарными группами, а на основе затратного метода, утверждённого соответствующими нормативно-правовыми актами. Это означает, что в расчёт берутся фактические затраты Единого оператора на обеспечение процесса маркировки по конкретной группе товаров.
В расчёт включаются прямые и косвенные издержки: IT-инфраструктура, техническая поддержка, безопасность, затраты на лицензионное ПО и др. Все данные проверяются и согласовываются с Агентством по защите и развитию конкуренции РК.
Кроме того, потенциальные объёмы маркируемой продукции (моторных масел) значительно ниже, чем по ЛС и табаку.",
"Обязательная маркировка по другим товарным группам не привела к уменьшению контрафакта. Почему вы считаете, что маркировка моторных масел даст иной результат?","Министерство энергетики, как уполномоченный орган в сфере регулирования обращения моторных масел, не располагает правом оценки эффективности маркировки в других товарных группах, поскольку это находится в компетенции соответствующих государственных органов, включая правоохранительные и контролирующие органы.
Что касается моторных масел, всем известно, об уязвимости потребителя перед подделками, которые не соответствуют техническим и экологическим требованиям.
Цифровая маркировка позволяет обеспечить прослеживаемость моторных масел на всех этапах обращения, от ввоза или производства до реализации конечному потребителю. Это даёт реальный инструмент для контроля законности происхождения продукции и способствует защите рынка от нелегальных поставок и фальсификата.
Таким образом, внедрение маркировки моторных масел рассматривается Министерством как один из действенных механизмов повышения прозрачности товаропроводящей цепи и обеспечения добросовестной конкуренции на рынке.",
Кто будет проверять наличие маркировки на продукции?,"В соответствии с пп. 8) п. 3. статьи 69 Кодекса «О налогах и других обязательных платежах в бюджет» контроль за за оборотом товаров, подлежащих маркировке и прослеживаемости осуществляется налоговыми органами в рамках налогового контроля. То есть Комитетом государственных доходов МФ РК.",
Какие санкции предусмотрены за отсутствие маркировки?,"В настоящее время имеется ответственность участников оборота товаров за отсутствие маркировки по товарным группам «Табак» и «Лекарственные средства», однако ответственность за отсутствие маркировки по другим товарным группам не предусмотрена.
Вместе с тем, учитывая, что маркировка предусмотрена Законом Республики Казахстан «О регулировании торговой деятельности» в будущем, уполномоченными государственными органами планируется усиление ответственности за нарушение данного законодательства. ",
"Если нет ответственности, то почему бизнес должен будет маркировать продукцию?","Вопросы привлечения к административной ответственности за нарушения в части маркировки относятся к компетенции соответствующих уполномоченных государственных органов. Вместе с тем, необходимо отметить следующее.
Введение обязательной маркировки моторных масел будет закреплено в нормативных правовых актах, подлежащих обязательному исполнению на территории Республики Казахстан. Соблюдение данных требований – это не только вопрос правовой дисциплины, но и неотъемлемое условие участия в легальном рынке.
При отсутствии маркировки могут возникать ограничения при ввозе, растаможке, хранении и реализации продукции, а также сложности при участии в тендерах, контрактах с крупными покупателями и государственной проверке происхождения товара.
Кроме того, участие в системе маркировки защищает самих предпринимателей от недобросовестной конкуренции, повышает доверие потребителей и создаёт условия для прозрачного, предсказуемого бизнеса в долгосрочной перспективе.
Таким образом, маркировка – это не только обязанность, но и инструмент защиты интересов добросовестных участников рынка.",
"Кто несёт ответственность за отсутствие или неправильную маркировку: производитель, поставщик или продавец?","Ответственность за нанесение маркировки несет лицо, импортирующее товар в Республику Казахстан или лицо, производящее товар в Казахстане. Розничный продавец лишь сканирует код при реализации товара.",
Какие меры будут применяться в случае выявления поддельной или нечитабельной маркировки?,В случае выявления фактов подделки кодов маркировки в отношении таких лиц будет направлена информация в компетентные органы для проведения соответствующей проверки. В случае выявления контрафактной или контрабандной продукции будут приниматься меры административного характера.,
будет ли переходный период при введении маркировки,Для комфортного внедрения маркировки моторных масел предусмотрено поэтапное введение обязательной маркировки. На первом этапе будет введена только маркировка моторны масел с обязательным выводом из оборота при продаже в розницу. На втором этапе (через 1 год) будет введена прослеживаемость.,
как выводить из оборота ,,
нужно ли сейчас маркировать ювелирные изделия?,На сегодняшний день обязательная маркировка ювелирных изделий в Республике Казахстан не требуется. ,
Когда проводился пилотный проект по маркировке ювелирных изделий?,"В соответствии с приказом Министра индустрии и инфраструктурного развития Республики Казахстан № 117 от 1 марта 2022 года, в  2022-2023 годах в Казахстане был реализован пилотный проект по марировке и прослеживаемсоти ювелирных изделий. В настоящее время государством проводятся работы по введению обязательной маркировки ювелирных изделий в 2026 году.",
Когда планируется ввести обязательную маркировку ювелирных изделий в республике Казахстан?,В  2022-2023 годах в Казахстане был реализован пилотный проект по марировке и прослеживаемсоти ювелирных изделий. В настоящее время государством проводятся работы по введению обязательной маркировки ювелирных изделий в 2026 году. О каких-либо изменениях сроков уполномоченный орган в лице Министерства промышленности и строительства Республики Казахстан заранее сообщит на своем официальном сайте.,
как планируется маркировать ювелирные изделия?,"На сегодняшний день обязательная маркировка ювелирных изделий в Республике Казахстан не требуется. Вместе с тем, в случае принятия соответствующих нормативных-правововых актов маркировка ювелирных изделий в Казахстане будет осуществляется в соответствии с требованиями даных НПА. На каждое ювелирное изделие должна быть нанесена специальная бирка (этикетка), содержащая обязательную информацию, а также уникальный код маркировки (Data Matrix-код).",
Кто должен маркировать ювелирные изделия?,"На сегодняшний день обязательная маркировка ювелирных изделий в Республике Казахстан не требуется. Вместе с тем, общепринято, по аналогии с другими товарными группами, что маркировку осуществляет производители или импортер товара, который вводит товар в оборот в Республике Казахстан.",
Какие ювелирные изделия необходимо маркировать?,"На сегодняшний день обязательная маркировка ювелирных изделий в Республике Казахстан не требуется. Вместе с тем, пилотный проект по маркировке и прослеживаемости ювелирных издеий был проведен на товары подпадающие под следующие ТН ВЭД: 7113110000, 7113190000, 7114110000, 7114190000, 9111100000, 9113101000.",
Какие данные необходимо вносить при создании карточки ювелирного изделия в ИС МПТ?,"Основные данные которые нужны для создания карточки товаров.
Подкатегория / тип изделия; 

Основной материал; 

Проба; 

Код ТН ВЭД; 

Наименование изделия; 

Товарный знак (при наличии); 

Наименование производителя, страна изготовителя; 

Вставки (количество, карат, наименование камня); ",
Каким способом необходимо маркировать ювелирные изделия?,"Обязательная цифровая маркировка ювелирных изделий. Она представляет собой двухмерный штрихкод (Data Matrix), содержащий информацию об изделии (включая производителя, материал, артикул и пр.).

Маркировка в виде Data Matrix-кода наносится:

на этикетку, прикреплённую к изделию;

или на товарный ярлык;

код считывается с помощью специализированных сканеров, включая мобильные приложения.

Цель цифровой маркировки — защита потребителей от контрафакта, обеспечение прозрачности оборота ювелирных изделий и контроль за соблюдением законодательства.",
Как получить коды маркировки на Ювелирные изделия?,"Для получения кодов маркировки на ювелирные изделия необходимо выполнить следующие шаги:

Пройти регистрацию в системе цифровой маркировки и прослеживаемости товаров — это можно сделать через официальный портал оператора системы.

Указать сведения о товаре, такие как:


Проба; 

Код ТН ВЭД; 

Наименование изделия; 

Товарный знак (при наличии); 

Наименование производителя, страна изготовителя; 

Вставки (количество, карат, наименование камня); 

Оформить заказ на коды маркировки (Data Matrix) через личный кабинет в системе.

Полученные коды необходимо нанести на ювелирные изделия в виде этикетки или товарного ярлыка с двумерным кодом.

Для получения подробной пошаговой инструкции по работе с системой маркировки вы можете обратиться:

на официальный сайт оператора цифровой маркировки;

в контакт-центр поддержки.",
Надо ли маркровать ювелирные изделия уже промаркированные в России?,"Да, необходимо. Несмотря на наличие маркировки, нанесённой в Российской Федерации, такие изделия подлежат повторной маркировке в Казахстане.

Причина в том, что в РФ применяется иная технология — там используется своя система учёта и формат кодов. В Казахстане же введена обязательная цифровая маркировка с использованием двухмерного кода Data Matrix, установленного национальным оператором.

Таким образом, даже если изделие имеет российское пробирное клеймо и идентификационный знак, оно должно быть дополнительно промаркировано в соответствии с требованиями Республики Казахстан",
Как нам стать участником пилотного проекта по маркировке ювелирных изделий?,"На текущий момент пилотный проект завершён, и Казахстан находится на стадии подготовки к вводу обязательной цифровой маркировки ювелирных изделий.

Хотя присоединиться к пилоту уже невозможно, предприятия могут провести самостоятельное тестирование системы и заранее подготовиться к обязательным требованиям.

Для этого рекомендуется:

обратиться в контакт-центр по номеру 8 800 080 65 65;

запросить соединение с менеджером проекта по маркировке ювелирных изделий;

получить индивидуальную консультацию, а также доступ к технической документации и инструкциям по работе с системой.

Раннее тестирование поможет вашему бизнесу своевременно адаптироваться к новым правилам и избежать нарушений после официального запуска системы.",
Какая ответственность предусмотрена за отсутствие маркировки ювелирных изделий?,Это является нарушением требовании текущего законадательства Республки Казахстан ,
необходимо ли мпортёрам и производителям нанимать дополнительных сотрудников для процедуры маркировки?,"Нет, обязательного требования по найму дополнительных сотрудников нет. Однако всё зависит от масштаба бизнеса, объёмов продукции и уровня автоматизации процессов.

Что важно учитывать:
Небольшим компаниям и ИП
Обычно достаточно обучить существующего персонала работе с системой маркировки, включая:

регистрацию в системе;

заказ и нанесение кодов Data Matrix;

формирование отчётности.

Средним и крупным компаниям
При больших объёмах продукции может потребоваться:

выделение ответственного специалиста;

либо найм сотрудника (или аутсорсинг) для работы с кодами маркировки, IT-системами и учётом.

Импортёры
Также должны обеспечить получение и нанесение кодов до ввода товара в оборот. Это может потребовать логистического и технического участия, но не всегда требует нового персонала — многое зависит от внутренней организации бизнеса.

Альтернативы найму:
Использование аутсорсинговых сервисов по маркировке;

Обращение к услугам оператора системы или партнёрских IT-компаний;

Интеграция маркировки в существующую систему учёта.

Резюме:
Дополнительные сотрудники не обязательны, если бизнес организует процесс маркировки грамотно. Однако при масштабных операциях может потребоваться перераспределение обязанностей или расширение команды.",
не приведет ли введение маркировки ювелирных изделий к удорожанию конечного продукта из-за стоимости оборудования и средств идентификации,"Введение обязательной цифровой маркировки может привезти к небольшим тратам, однако этот рост цены будет умеренным и контролируемым.

Причины возможного удорожания:
Стоимость оборудования

Для нанесения и считывания кодов Data Matrix может потребоваться:

термопринтер для печати этикеток;

сканеры для считывания;

ПО для работы с системой маркировки.

Однако такие расходы единовременные, и для малого бизнеса возможны недорогие решения.

Приобретение кодов и ярлыков

Генерация кодов Data Matrix имеет небольшую стоимость (в ряде случаев — менее 20 тенге за код).

Печать этикеток или ярлыков также требует вложений, но они незначительно влияют на итоговую цену изделия.

Трудозатраты

На старте потребуется время на освоение системы, но в дальнейшем процесс маркировки будет встроен в производственно-логистическую цепочку.

Почему удорожание будет ограниченным:
Маркировка охватывает весь рынок, и расходы распределяются равномерно.

Повышение прозрачности оборота снижает риски контрафакта и повышает доверие потребителей, что компенсирует затраты.

Для малых и средних компаний предусмотрены консультации и типовые решения, не требующие серьёзных вложений.

Вывод:
Введение маркировки действительно требует вложений, но они не критичны и не окажут значительного влияния на цену ювелирных изделий, особенно в долгосрочной перспективе. Более того, повышение прозрачности рынка и доверия потребителей может способствовать росту продаж.

Если нужно, могу подготовить пример расчёта затрат на маркировку для малого ювелирного бизнеса.",
Когда в Республике Казахстан проводился пилотный проект по маркировке ювелирных изделий?,Проведение пилотного проекта: с 1 марта 2022 года до 15 июня 2023 ,
В какие годы был реализован пилотный проект по маркировке и прослеживаемости ювелирных изделий в Казахстане?,Проведение пилотного проекта: с 1 марта 2022 года до 15 июня 2023 ,
Какие мероприятия проводятся государством в рамках подготовки к обязательной маркировке ювелирных изделий?,"В рамках поэтапного внедрения обязательной цифровой маркировки ювелирных изделий государством реализуется ряд организационных и информационных мер, направленных на адаптацию рынка и поддержку участников оборота.


Основные мероприятия:
Проведение пилотного проекта

Завершён в 2023 году с участием производителей, импортеров и торговых сетей.

Отработаны технические и логистические процессы, включая интеграцию с ИС.

Разработка нормативно-правовой базы

Подготовлены и утверждены требования к маркировке, в том числе порядок формирования и нанесения кодов Data Matrix.

Установлены сроки перехода к обязательной маркировке.

Создание и развитие национальной информационной системы

Функционирует система цифровой маркировки и прослеживаемости товаров с доступом через личный кабинет.

Обеспечивается техническая поддержка и методические материалы.

Обучающие мероприятия

Регулярно проводятся вебинары, семинары и онлайн-тренинги для бизнеса.

Подготовлены инструкции, видеоуроки и памятки по работе с системой.

Индивидуальные консультации

Доступна горячая линия и сопровождение через контакт-центр: 8 800 080 65 65.

Возможно подключение к демонстрационной версии системы для самостоятельного тестирования.

Информационная поддержка

Публикация новостей, разъяснений и пошаговых руководств через сайты государственных органов, оператора маркировки и бизнес-ассоциации.

Цель этих мероприятий — обеспечить плавный переход к новой системе, снизить риски для бизнеса и повысить прозрачность оборота ювелирных изделий.

Если нужно, могу подготовить презентацию или информационное письмо для вашей компании или партнёров.",
С какого года планируется ввести обязательную маркировку ювелирных изделий в Казахстане?,2026 год ,
Какой логин и пароль нужно использовать для входа в Личный Кабинет ЦЭДМ? (лекарственные средства),Необходимо использовать логин и пароль использованный при регистрации на платформе Ismet.kz,
"Пользователь в первый раз зашел в Личный Кабинет ЦЭДМ, что пользователю необходимо сделать дальше?","При входе в Личный Кабинет ЦЭДМ в первый раз, пользователю необходимо подписать публичную оферту. Далее необходимо выбрать адрес организации и установить роли организации в разделе ""Роли организации"".",
Как можно изменить пароль от своего Личного Кабинета ЦЭДМ?,"Восстановление пароля пользователя осуществляется на сайте Ismet.kz. Пользователю необходимо выполнить сброс и восстановление пароля в режиме авторизации нажав на кнопку ""Забыли пароль?"" и следовать дальнейшим инструкциям сайта.",
"После выбора организации и товарной группы дальше ничего не происходит, система не пропускает пользователя дальше. Что необходимо для сделать дальше?","В случае, если после выбора организации и товарной группы система не пропускает пользователя дальше, необходимо очистить кэш браузера либо авторизоваться на сайте используя другой браузер. Если данные шаги не помогли, необходимо  сформировать заявку на техническу поддержку mark@ismet.kz",
"При авторизации, организация пользователя отсутствует  в спике. Что необходимо сделать?","Ваша организация не была прикреплена на сайте Ismet.kz при регистрации. Вам необходимо прикрепить свою организацию с использованием Электронной Цифровой Подписи. 
Также проверьте, являетесь ли вы сотрудником данной организации. Администратор вашей организации должен дать вам права работы в данной организации в разделе ""Пользователи"" в режиме редактирования пользователя.",
Как можно изменить адрес организации в ЦЭДМ?,"Для изменения адреса администратору организации необходимо перейти в раздел ""Организации"" и нажать на иконку редактирования организации. В открывшемся окне адреса администратор выбирает необходимый адрес и нажимает конпку ""Сохранить"".",
Как можно изменить роли организации в ЦЭДМ?,"Для изменения адреса администратору организации необходимо перейти в раздел ""Организации"" и нажать на иконку редактирования организации. В открывшемся окне администратору необходимо нажать на кнопку ""Роли организации"", выбирает необходимые роли и нажимает ""Сохранить роли организации"".",
Как можно создать Территориально Распределенные Подразделения в ЦЭДМ?,"Для создания Территориально Распределенного Подразделения администратору организации необходимо перейти в раздел ""Организации"" и нажать на кнопку ""Добавить ТРП"". В открывшемся окне администратору необходимо заполнить наименование и выбрать адрес данного Территориально Распределенного Подразделения. Далее администратору необходимо нажать на кнопку ""Пользователи состоящие в организации"" и выбрать сотрудников для данного Территориально Распределенного Подразделения. Далее администратору необходимо установить роли организации перейдя в режим ""Роли организации"" и нажать  ""Сохранить роли организации"". Последним шагом будет подпись публичной оферты от созданного Территориально Распределенного Подразделения.",
Как можно удалить Территориально Распределенные Подразделения в ЦЭДМ?,"Для удаления Территориально Распределенного Подразделения администратору в головной организации необходимо перейти в раздел ""Организации"" и нажать на иконку удаления Территориально Распределенного Подразделения (иконка урны). Перед удалением необходимо убедиться, что у данного Территориально Распределенного Подразделения отсутствуют документы в промежуточных статусах, а также отсутствуют коды маркировок в разделе ""КМ на хранении"".",
Как можно установить определенных сотрудников для своего созданного Территориально Распределенного Подразделения?,"Для того чтобы определить сотрудника на конкретные Территориально Распределенные Подразделения, данный сотрудник должен зарегистрироваться на сайте Ismet.kz и прикрепить головную организацию с Электронной Цифровой Подписью. Далее, администратору головной организации необходимо перейти в раздел ""Пользователи"" и нажать на иконку редактирования пользователя, которому нужно дать возможность работы в Территориально Распределенном Подразделении. В открывшемся окне в режиме ""Организаций пользователя"" необходимо установить галочку возле организации, где данный сотрудник должен работать.",
Как можно установить администратором организации другого сотрудника организации?,"Для того чтобы установить еще одного админситратора на данную организацию, текущий администратор долэен перейти в раздел ""Пользователи"" и нажать на иконку пользователя которого необходимо установить администратором данной организации.
В открывшемся окне необходимо нажать на кнопку ""Управление ролями"" и выбрать роль ""Администратор"" в списке ролей, после чего нажать на кнопку ""Сохранить"".",
Можно ли изменить адрес и наименование Территориально Распределенного Подразделения в ЦЭДМ?,"Да, пользователь с ролью администратора имеет возможность изменение адрса и наименования Территориально Распределенного Подразделения в разделе ""Организации"" при нажатии на иконку редактирования.",
Существуют ли у Территориально Распределенного Подразделения уникальные БИНы и как они формируются?,При создании Территориально Распределенного Подразделения система присваивает подразделению БИН состоящий из: БИН головной организации + 000 + порядковый номер,
Можно ли изменить наименование организации в ЦЭДМ?,"Смена наименования организации доступно только зарубежным организациям, а также организациям являющимися Индивидуальными Предпренимателями. Если ваша организация входит в один из вышеперечисленных видов, то администратор организации имеет возможность изменить наименование в разделе ""Организации"" нажав на иконку редактирования организации.",
Как в ЦЭДМ скачать подписанный договор публичной оферты?,"Для того, чтобы скачать публичный договор оферты администратору организации необходиме перейти в раздел ""Организации"" и нажать на кнопку ""Скачать договор оферты"" в верхнем-правом углу сайта.",
"Не видно раздел ""Организации"" на левом боковом меню. Где его найти?","Раздел ""Организации"" и ""Пользователи""  доступен только администраторам данной организации. Если вы хотите стать администратором организации, то текущий администратор данной организации должен дать вам данную роль в разделе ""Пользователи"".",
"При формировании документа ,Территориально Распределенное Подразделение не выходит в списке получателей документа.","Возможной причиной отсутствия Территориально Распределенного Подразделения в списке получателей может являться не подписанная публичная оферта от данной организации . Также, возможно данная организация была удалена администратором организации, либо изначально никогда не создавалось.",
"Как можно изменить фамилию, имя и отчество сотрудника в ЦЭДМ?","Для изменения фамилия, имени и отчества пользователя, необходимо на сайте Ismet.kz перейти в раздел ""Редактировать профиль"". В данном разделе необходимо установить корректные данные в поле ""Персональные данные"". Далее, пользователю необходимо в системе ЦЭДМ перейти в раздел информации пользоватля (иконка человека в правом-верхнем углу) и в открывшемся окне нажать на ""Обновить мои данные"".",
Как удалить сотрудника из головной организации в ЦЭДМ? (лекарственые средства),"Удление сотрудника из головной организации проводится в два этапа:
1) Удаление из сайта Ismet.kz
2) Удаление из сайта маркировки (ЦЭДМ)
Для удаления сотрудника(пользователя) из головной организации администратору организации на сайте Ismet.kz необходимо перейти в раздел ""Управление компаниями"", кликнуть на поле необходимой компании и в открывшемся окне кликнуть на сотрудника которого необходимо удалить. В открывшемся окне необходимо нажать на кнопку удаления.
Далее, администратору организации необходимо прейти в раздел ""Пользователи"" в ЦЭДМ и нажать на иконку редактирования пользователя. В открывшемся окне необходимо снять галочку с головной организации.",
Как пригласить пользователя в свою организацию?,"Для приглашения пользователя в свою организацию администратору организации необходиме перейти в раздел ""Организации"" и нажать на иконку редактирования организации, далее необходимо нажать на кнопку ""Пригласить пользователя"". В открывшемся окне",
Как мне изменить почту (логин) в ЦЭДМ?,"Изменение авторизационных данных пользователя ЦЭДМ происходит на сайте Ismet.kz. Для изменения почты необходимо перейти в раздел ""Редактировать профиль"" и нажать на поле ""Почта"". В открывшемся модальном окне необходимо нажать на ""Изменить почту"" и пройти верификацию изменения почтового адреса. После изменения почты пользователь может выполнить авторизацию на сайте маркировки ЦЭДМ с использованием обновленного почтового адреса .",
Есть ограничение в количестве пользователей работающих в одной организации?,"Нет, на данный момент органичение на количество сотрудников в одной организации отсутствует.",
Может ли один пользователь работать в разных организациях в системе маркировки ЦЭДМ?,"Да, пользователь может работать в разных организациях в ЦЭДМ. Прикрепление второй, третьей и последующих организации не отличается от процедуры регистрации первой организации. Количество организации, в которых может работать один пользователь не ограничен.",
В каком разделе системы ЦЭДМ можно создать документы прослеживаемости?,"Сформировать документ можно в разделе ""Новый документ"" на левом боковом меню системы.",
Кто может формировать документы прослеживаемости в системе ЦЭДМ?,Сформировать документ может любой сотрудник организации.,
Каким образом можно создать документы прослеживаемости в системе ЦЭДМ?,"Для создания документа необходимо авторизоваться в системе и перейти в раздел ""Новый документ"" и нажать на список документов. В выпадающем списке необходимо выбрать нужный тип документа и заполнить все необходимые поля, после чего нажать на кнопку ""Сохранить как черновик"". Сохраненный документ перейдет в раздел черновиков в статусе ""Расчет итогов"", после чего, если проверка данный документа просле успешно, сменит статус на ""Черновик"". Далее пользователь имеет возможность отпарвить документ получателю подписав его с Электронной Цифровой Подписью.",
Не выходит организация с списке получателей документа при формировании документа.,"Если организация не выходит в списке получателей документа, то возможно данная организация еще не зарегистрирована в системе, либо не была подписана публичная оферта со стороны данной организации. 
Также помните, что для типа документа ""Акт приема/передачи Единого дистрибьютора"" получателем можно выбрать организации с ролью ""Медицинская организация"" или ""Арендованный склад СКФ"" (Данное правило не распространяется на производителей лекарственных средств). Для актов внутреннего перемещения получателем можно выбрать только Территориально-распределенные подразделений подписавших оферту.",
Каким образом можно вложить коды маркировок в документ?,"Для вложения кодов маркировок или кодов агрегатов пользователь может скопировать сами коды и вставить их в специальное поле для ввода кодов, копировать можно сразу несколько кодов. Также пользователь может загрузить в документ файл со списокм кодов в формате CSV. Третьим вариантов вложения кодов является сканирование дата матрикс кодов 2D-сканером.",
Обязательно ли загружать в документ коды агрегатов или можно лекарства только кодами маркировок?,"Система ЦЭДМ позволяет формировать документы как с кодами маркировок, так и с кодами агрегатов. Помните, что не разрешается формировать документ с агрегатами и кодами маркировок вложенных в данные агрегаты, вам необходимо указать только агрегаты либо только коды маркировок.
Формировать передачу лекарственных средств в ЦЭДМ рекомендуется аналогично их физической отправке получтелю.",
"Выходит ошибка ""марку с типом СКФ нельзя использовать для этого типа документа!"". Что делать?","Коды маркировок с меткой ""skf"" нельзя использовать в обычных Актах приема-передачи. Вам необходимо использовать подобные коды в Актах приема-передачи Единого дистрибьютора.",
"В отправленном получателю документе есть кнопка ""Товар доставлен"", что означает данная кнопка?","Пользователь имеет возможность установить дату доставки товара получателю в отправленном документе. Для этого необходимо нажать на кнопку ""Товар доставлен"" и выбрать дату доставки товара (которая не может быть ранее даты отправки документ).",
"Что означает поле ""Возврат товаров СКФ поставщику СКФ"" в Акте приема-передачи?","У пользователя есть возможность вернуть принятые лекарственные средства обратно поставщику СК-Фармации. Для этого в Акте приема-передачи необходимо установить галочку возле поля ""Возврат товаров СКФ поставщику СКФ"". При формировании документа с подобным параметром, необходимо учесть следующие два правила:
1) Вложенные коды маркировок должны обладать меткой ""skf""
2) Создатель документа должен обладать ролью ""Арендованный склад СКФ""
При принятии документа с подобным параметром, система ЦЭДМ снимает метки с данный кодов маркировок и менет владельца кодов на организацию принявшей документ.",
"При сохранении документ вышла ошибка ""Код не найден"". Что делать?","Причиной возникновение данной ошибки является использования не валидного кода маркировки в документе прослеживаемости. Код маркировки является не валидным по причине его отсутствия в системе маркировки. Для решения подобных ошибок необходимо:
1. проверить код маркировки на корректность ввода
2. проверить 2Д сканер на корректность считывания дата матрикс кода на пачке лекарственного средства
3. проверить в приложении Naqty Onim текущий статус кода, просканировав дата матрикс код на пачке лекарственного средства. В случае если статус кода «Эмитирован» и «Нанесен, не оплачен» коды не будут числиться в ИС ЦЭДМ до их нанесения и оплаты производителем.",
"При сохранении документ вышла ошибка ""код находится в другом документе"". Что делать?","ИС ЦЭДМ не позволяет использовать код, который находится в другом документе со статусом: 
•	Черновик
•	Ожидает подтверждения
•	В обработке
•	Обработка при приеме
•	Расчет итогов
•	Проверяется
Для решения проблемы проверьте, не находится ли данный код в уже ранее сформированных вами докуметах. Также, возможно данный код был отправлен вам получателем, но еще не принят вами, поэтому необходимо принять данный документ и заново попытаться его использовать в документе.",
"При сохранении документ вышла ошибка ""Строка содержит неподдерживаемые символы"". Что делать?","Данная ошибка возникает при вложении в документ кода маркировки, содержащего лишние от самого кода символы. Пользователю необходимо удалить некорректный документ, либо, в режиме редактирования документа удалить невалидные коды маркировок.",
"При сохранении документ вышла ошибка ""У КМ другой владелец"". Что делать?","Данная ошибка возникает при попытке использовать коды маркировок в документах прослеживаемости или при попытке их агрегирования организацией не являющихся владельцами данных кодов.
Проверка на владельцев кодов распространяется на коды нанесенных с 01.02.2025 года, а также на агрегационные кодов маркировок, созданных или переагрегированных с 01.02.2025 года.
Пользователю, для использования подобных кодов, необходимо стать их владельцем. Осуществить эту можно путем принятия актов приема/передачи или формированием уведомлении о ввозе",
Пропала возможность отозвать отправленный документ. Почему нельзя отозвать документ?,"В случае, если с даты отправки прошло более 20 дней, то отозвать подобный документ будет невозможно.",
Во время сверки кодов маркировок были обнаружены расхождения. Что необходимо сделать дальше?,"При обнаружении расхождении пользователь имеет возможность сформировать Уведомление о расхождении в сторону отправителя сверяемого документа. После получения Уведомления о расхождении, отправитель некорректного акта может сформировать корректный акт на основе данного Уведомления. Получатель Уведомления о расхождении также может и отклонить данное уведомление, тогда первоначальный некорректный акт будет аннулирован.",
"Вместо отклнения было принятие документа, что теперь делать?",Случайно принятые коды маркировок лекарственных средств могут быть обратно возвращены отправителю этим же типом документа.,
"При сохранении документ вышла ошибка ""отсутствует доступ к марке скф!"". Что делать?","Подобная ошибка возникает при попытке использования кодов маркировок с меткой ""skf"" без обладания ролью организации ""Арендованный склад СКФ"" или ""Медицинская организация"". Только организации с данными ролями могут использовать подобные коды.",
Как коды маркировок получают метки skf?,"При принятии Акта приема-передачи Единого дистрибьютора система присваивает кодам маркировок, вложенных в данный документ метки skf.",
Как убрать метки skf с кодов маркировок?,"Наличие метки ""skf"" на коде маркировки предполагает, что данное лекарство передается организациям по линии СК-Фармации и не подлежит коммерческой реализации. Коды маркировок с меткой ""skf"" могут быть использованы только в Актах приема-передачи Единого дистрибьютора и Актах внутреннего перемещения Единого дистрибьютора. В случае, если вы по ошибке приняли данный код маркировки от другого поставщика, вам необходимо вернуть его Актом приема-передачи Единого дистрибьютора или обычным Актом приема-передачи, с галочкой в поле ""Возврат товара СКФ поставщику СКФ"".",
"Выходит ошибка ""Коммерческие КМ и марки СКФ не должны быть в одном агрегате"". Что делать?",В системе ЦЭДМ запрещается агрегировать коммерческие лекарственные средства и лекарства передаваемые по линии СК-Фармациию. Вам необходимо агрегировать подобные агрегаты отдельно.,
"Выходит ошибка ""Номер агрегата не верен"" при попытке создания агрегата. Что делать?","Номера агрегатов согласно формате SSCC должны начинаться с двух лидирующих нулей и состоять из 20 символов. Проверьте, соответствует ли ваш номер агрегата этим критериям.",
"Сформированные в СУЗ агрегаты не появились в ЦЭДМ в разделе ""Агрегации"". Что делать?","Вам необходимо проверить режим ""Ошибочные агрегаты""  в данном разделе. В случае попадания агрегатов в данный режим вам необходимо ознакомится с причиной ошибки данный агрегатов, исправить данную ошибку и выполнить ручную переобработку нажав на иконку переобработки.
В случае переобработки паллет, пользователь должен переобработать вложенные внутри данной паллеты короба, и только затем выполнить переобработку паллеты.
Помните, что количество ручной переобработки в ЦЭДМ ограничено до 3 раз.",
Есть ли ограничение в количестве кодов маркировок в коробе в ЦЭДМ?,В системе ЦЭДМ запрещается агрегировать более 5000 кодов в один короб.,
Есть ли ограничение в количестве кодов маркировок в одном документе в ЦЭДМ?,"В системе ЦЭДМ запрещается вложение в документ более 5000 лекарственных средств в разрезе кодов маркировок. Однако, данный лимит может быть увеличен путем агрегирования кодов и вложения данных агрегатов в документ.",
Разрешается ли вложение в один короб коды маркировок разных лекарств?,"Да, разрешается вложение кодов маркировок разных лекарственных средств в один короб. Важно, чтобы все коды маркировок были только с метками ""skf"", либо только без данной метки.",
"Код маркировки был продан через кассу, но данный код все-еще находится в разделе  ""КМ на хранении"". Что делать?","Коды маркировок,  при их продаже, передаче или выводу из оборота, сразу удаляются из раздела ""КМ на хранении"" организации. В случае, если вы обнаружили, что при проведении вышеописанных действии ваш код не был удален из данного раздела, вам необходимо обратиться в техническую поддержку и приложить следущие материалы:
1) Снимок экрана ""КМ на хранении"" где виден данный код маркировки
2) Снимок экрана вывода из оборота код или ее продажи чеком или ее передача
Во всех снимках экрана должно быть видно время совершения снимка.",
"Код маркировки был выведен из оборота Уведомлением о выводе из оборота, но данный код все-еще находится в разделе  ""КМ на хранении"". Что делать?","Коды маркировок,  при их продаже, передаче или выводу из оборота, сразу удаляются из раздела ""КМ на хранении"" организации. В случае, если вы обнаружили, что при проведении вышеописанных действии ваш код не был удален из данного раздела, вам необходимо обратиться в техническую поддержку и приложить следущие материалы:
1) Снимок экрана ""КМ на хранении"" где виден данный код маркировки
2) Снимок экрана вывода из оборота код или ее продажи чеком или ее передача
Во всех снимках экрана должно быть видно время совершения снимка.",
"В ЦЭДМ случайно был принят акт приема-передачи, который на самом деле нужно было отклонить. Что теперь делать?",В данном случае у пользователя есть возможность вернуть обратно данные коды маркировок путем формировани такого-же типа Акт приема-передачи в сторону отправителя.,
Может ли организация видеть коды маркировок и коды агрегатов своих Территориально Распределенных Подразделении находясь в личном кабинете головной организации в ЦЭДМ?,"Система ЦЭДМ позволяет головной организации видеть и управлять кодами агрегатов своих Территориально Распределенных Подразделении в разделе ""Агрегации"". Однако , головная организация не может видеть коды маркировок своих Территориально Распределенных Подразделении, также как и не может видеть и управлять документами своих Территориально Распределенных Подразделении .",
"Документ застрял в статусе ""Расчет итогов"". Что делать?","После подписи документ с Электронной Цифровой Подписью, система ЦЭДМ выполняет обработку документа из-за чего документ может находится в промежуточном статусе ""Расчет итогов"", ""Обработка при приеме"" и ""Обработка при отправке"". Документ должен перейти в следующий конечный статус в течении 3 часов после подписания документа, если обраотка документа системой заняло более 3 часов необходимо написать обращение в техническую поддержку с просьбой рассмотрения данной ситуации.",
Возможно ли вернуть код маркиоровки обратно в оборот в системе?,На техническом уровне система позволит пользователю вернуть в оборот проданный ранее код маркировки.,
Где можно увидеть сформированные в ИС МПТ агрегеаты в ЦЭДМ?,"При успешном формировании отчета об агрегации в ИС МПТ (СУЗ), ваши агрегаты появятся в разделе ""Агрегации"" в списке ваших агрегатов. Агрегаты появляются в ЦЭДМ в режиме онлайн.",
Где можно увидеть нанесенные в ИС МПТ коды маркировок в ЦЭДМ?,"При успешном формировании отчета о нанесении и оплаты, ваши коды маркировок появятся в разделе ""КМ на хранении"". Коды маркировок появляются в ЦЭДМ в режиме онлайн после их нанесения и оплаты.",
В списке агрегатов ЦЭДМ нет агрегатов сформированных в ИС МПТ. Что делать?,"В списке агрегатов ЦЭДМ отображаются только успешно сформированные агрегаты. Если ваших агрегатов нет в данном списке, то вам необходимо перейти в режим ""Ошибочные агрегаты"", ознакомится и исправить причину ошибки ваших агрегатов, а затем запустить ручную переобработку данных агрегатов.
Агрегаты могут попасть в данный список ошибочных агрегатов по следующим причинам:
1) Номер агрегата уже используется
2) Агрегируемый код маркировки не найден в базе ЦЭДМ. Возможно вы агрегируете эмитированные или не оплаченные коды.
В случае попадания в ошибочные агергаты паллет, вам необходимо сначала запустить переобработку коробов, а затем переобрботку паллеты.
Помните, что количеств попыток ручной переобработки агрегатов ограничено 3 попытками.",
"В разделе ""КМ на хранении"" отсутствуют коды маркировок. Что делать?","Коды маркировок удаляются из раздела ""КМ на хранении"" в следующих случаях:
1. Коды маркировок были вложены в отправленный Акт, который был принят получателем.
2. Коды маркировок были выведены из оборота.
Если же вы не нашли коды маркировок, которые вы нанесли в ИС МПТ (СУЗ), то вам необходимо проверить были ли данные коды оплачены и был ли отчет о нанесении сформирован корректно.",
На какие типы документов не распространяется проверка на владельца?,"Проверка на владельца не распространяется на следующие типы документов:
1. Уведомление о ввозе из 3 стран
2. Уведомление о ввозе из стран ЕАЭС",
Каким образом происходит сверка кодов маркировок в документе?,"Для сверки кодов маркировок, получателю документа необходимо перейти в режим сверки внутри данного документа. В открывшемся окне пользователь выполняет сверку лекарственных средст полученного физический, с лекарствами указанными поставщиком в данном документе.
Выполнить сверку можно путем сканирования датаматрикс кодов, вложением CSV файла с кодами и путем копирования и вставки кодов.
При обнаружении расхождении, получатель имеет возможность отпарвки Уведомления о расхождении поставщику. В данном уведомлении, в нижней части документа, находятся три кнопки, позволяющие загрузить на устройство CSV файлы содержащие:
1) ""Найденные КМ"" —  полученные физически коды, найденные в документа
2) ""Не найденные КМ"" —  полученные физически коды, которых нет в документе
3) ""Добавленные КМ"" —  не полученные физически коды, но которые есть в документе",
Как проводить сверку кодов в агрегатах?,"Сверку кодов маркировок в агрегатх можно провести двумя способами:
1) Выполнить сверку только всех номеров агрегатов.
2) Выполнить сверку всех кодов маркировок и всех номеров агрегатов.",
"Что означает поле ""Возврат товара СКФ поставщику СКФ"" в документе в ЦЭДМ?","Функционал возврата товаров СК-Фармации позволяет вернуть ранее принятые лекарственные средства обратно поставщикам СК-Фармации. Данный функционал доступен только организациям с ролью ""Арендованный склад СКФ"", а также только с кодами обладающих меткой ""skf"". Для возврата товара СК-Фармации отправителю обычного Акта приема-передач необходимо установить галочку в соответствующем поле при формировании документа. При выолнении всех, вышеописанных правил пользователь может успешно сформировать подобный документ, после принятия данного акта система ЦЭДМ снимает метки ""skf"" с кодов маркировок, а товар считается возвращенным поставщику СК-Фармации.",
"При продаже лекарства его код маркировки не списался из раздела ""КМ на хранении"". Что делать?","В случае, если ваши коды маркировок не списываются при продаже лекарственных средств, вам необходимо проверить настройку вашего кассового аппарата и его подключения к ОФД. Если касса во время продажи находилась в автономном режиме, то после подключения к сети ваша касса должна передать в ОФД все данные о продажах за период пребывания в автономном режиме. Для этого ваш кассовый аппарат должен иметь возможность хранить историю о продажах.
В случае, если ваша касса настроена корректно,а код все-равно не был списан с ""КМ на хранении"", просим направить чек продажи и снимок экрана проданного кода в разделе ""КМ на хранении"" на службу технической поддержки.",
При формировании Акта приема-передачи в сторону медицинской организации данная организация не указана в списке получателей. Что делать?,"Если медицинская организация не выходит с списке получателей Акт приема-передачи, то возможно данная организация ещё не зарегистрирована в системе ЦЭДМ. Если же организация зарегистрирована в ЦЭДМ, но не все-равно не выходит в списке получателей Акт приема-передачи, то вероятнее всего данная организация не установила себе роль организации ""Медицинская организация"".
Администратор может устанавливать роли организации в личном кабинете ЦЭДМ в разделе ""Организации"".",
"Какую страну необходимо выбрать в поле ""Страна экспорта"" при формировании Уведомления о ввозе из 3 стран в ЦЭДМ?",В данном поле пользовать должен указать страну из которой ввозятся лекарственные средства.,
"Каким образом организация может получить роль ""Арендованный склад""?","Если ваша организация является арендованным складом СК-Фармации, то вам необходимо обратиться к СК-Фармации с просьбой выставить вам документ ""Доверенность СКФ"" в системе ЦЭДМ. После получения данной доверенности, система автоматический присовит вашей организации и всем вашим Территориально Распределенным Подразделениям роль ""Арендованный склад"".",
"При работе в системе ЦЭДМ выходит ошибка ""Документ не принадлежит вам"". Что делать?","Данная ошибка означает, что документ с которым вы хотите работать не принадлежит вашей организации. Вам необходимо проверить, являетесь ли вы владельцем и/или получателем данного документа. Система ЦЭДМ запрещает какую-либо работу с чужими документами.",
Как можно быстро найти документ в системе ЦЭДМ?,"Для быстрого поиска документа, пользователь может воспользоваться функционалом поисковика в разделах ""Входящие"", ""Исходящие"" и ""Черновики"". В данных разделах поиск документов можно провести по регистрационнному номеру документа: ""Поиск по номеру ЭДО"", а также с по идентификатору документа ""Поиск по номеру документа"".",
"Произошла смена собственника кода маркировки, хотя никаких актов приема-передачи не отправлалось. Почему так произошло?","Смена собственика кода маркировки без принятия акта приема- передачи может произойти при использовании организацией в документах прослеживаемости или агрегатах, кодов маркировок нанесенных до 01.02.2025 года.
Также смена собственника может произойти при продаже организацией лекарственного средства через кассовый аппарат. Подобная смена владельца может произойти со всеми кодами маркировок, вне зависимости от даты их нанесения.",
Как изменить данные в документе прослеживаемости в ЦЭДМ?,"Изменить данные в документе можно только в статусе черновика, для этого необходимо открыть документ в режиме редактирования. После окончания внесения изменении, пользователь должен нажать кнопку ""Сохранить"" на верхней-правой части документа. 
Помните, что документы не в статусе ""Черновик"" не подлежт редактированию или удалению.",
Каким обарзом можно получить разрешение ИП в ЦЭДМ?,"Для получения разрешения ИП, пользователю необходимо быть сотрудником у данной организации. Далее, администратор организации в разделе ""Разрешение ИП"" должен нажать на кнопку ""Создать доверенность"". В открывшемся окне необходимо заполнить поля и нажать кнопку ""Сохранить"". Далее, созданную доверенность необходимо подписать с Электронной Цифровой Подписью.
Для формирования разрешения необъодимо соотвествовать следующим условиям:
1. Пользователь выдающий разрешение является администратором организации
2. Пользователь действительно является ИП
3. У организации установлена роль ""Аптека""",
Каким образом можно удалить выданное разрешение ИП в ЦЭДМ?,"В случае, если необходимо удалить разрешение ИП выданному пользователю, то администратору системы необходимо перейти в разделе ""Разрешение ИП"". В списке выданных разрешении, необходимо найти то, которое нужно удалить. Далее, нужно нажать на иконку конверта с крестиком сверху, после чего откроется окно подписи с Электронной Цифровой Подписью. При успешной подписи разрешение ИП сотрудника удаляется.
Вы также можете приостановить на время разрешение ИП, нажав на иконку конверта с перечеркнутым кругом сверху и подписав с Электронной Цифровой Подписью. В дальнейшем у вас будет возможность вновь возобновить данное разрешение.",
Как можно ввести в оборот код маркировки обратно?,"Пользователь имеет возможность обратного ввода в оборот кода маркировки формирую Уведомление о повторном вводе в оборот. 
В случае возврата проданного лекарственного средства у пользователя есть возможность возврата в оборот формируя чек возврата через кассовый аппарат.",
Можно ли определить коды маркировок по пределенным сериям и сроку годности в ЦЭДМ?,"Для выбора кодов маркировок с определенным номером серии и срока годности необходимо установить фильтры в разделе ""КМ на хранении"" в GTIN.",
"Каким образом узнать принадлежность кода маркировки лекарственного средства к типам ""АЛО""или ""Стационар""?","Для получения информации о принадлжености лекарствевнного средства к ""АЛО"" или ""Стационар"" необходимо проверить код маркировки в разделе ""Проверка марок"".",
"Выходит ошибка ""Код маркировки должен выводиться из оборота в ИСЛО"" при попытке вывода из оборота кода маркировки. Что делать?","Вывод из оборота кода маркировки с принадлежностью ""АЛО"" необходимо осуществлять в системе ""ИСЛО"".",
"Каким образом можно получить список кодов маркировок из раздела ""КМ на хранении"" организации?","Для получения списка кодов маркировок организации необходимо сформировать заявку на техническую поддержку mark@ismet.kz, с просьбой выгрузки списка кодов маркировок В заявке также необходимо указать БИН организации.",
"При открытии документа со статусом ""Ошибка при проверке"" в режиме редактирования система не демонстрирует вложенные коды маркировок. Что делать?","ИС ЦЭДМ не отображает вложенные коды маркировок в ошибочном документе только в случае если пользователь вложил более 5000 кодов в документ без их агрегации. Рекомендуется удалить данные документ и сформировать новый, с корректным количеством кодов маркировок.",
Как зарегистрироваться в приложении NS Pharm?,Для регистрации в мобильном приложении NS Pharm необходимо скачать данное приложение из App Store Google Play и пройти процесс регистрации с использованием почты и номера телефона. Вам также понадобится Электронная Цифровая Подпись для прикрепления компании и подписания публичной оферты. Подробная иформация доступна на сайте Исмет. ,
Почему в приложении NS Pharm доступно только 3 вида документов?,"В приложении NS Pharm доступны следующие типы документов: Акт приема-передачи, Акт приема-передачи Единого дистрибьютора и Уведомление о выводе из оборота. Остальные типы документов не включены в данное приложение, так как оно нацелено на использование аптечными и медицинскими организациями.",
При подписи документа с Электронной Цифровой Подписью мобильное приложение NS Pharm не запросило у меня пароль от подписи. Это ошибка или так и должно быть?,"Приложение NS Pharm позволяет пользователю сохранять данные Электронной Цифровой Подписи при первой авторизации в приложении. В дальнейшем, пользователь также может сохранить другую Электронную Цифровую Подпись в главном меню.",
Можно ли одному пользователю прикрепить несколько организации через мобильное приложение NS Pharm?,"Да, один пользователь может прикрепиться к нескольким организациям через мобильное приложение NS Pharm. Для этого на телефоне пользователя должен быть загружена Электронная Цифровая Подпись данной компании. Пользователю необходимо знать БИН и пароль от Электронной Цифровой Подписи данной компании. Прикрепление новой организации происходит в разделе ""Мои компании"", в котором необходимо нажать на иконку +.",